geneName,TE,seq,bin,avg,TE2,min
Muscle00001,0.034530715,cacattttattgatttttgttgttgttgtttggtcactcaattaatgtaaacggttatctttcctgtttaccagactctgacagtgaaggatgatcaggtcttccccATGAACCCTCCCAAATAT,0,0.172830308,0.199795484,0.000425056
Muscle00002,0.162913146,aaaaaagcagggagcagagctctctcttcgccgccgacgcagaaaggagctggggaggaaaaagctgctgccttttgcgctggagattcgtgggcaaggcttctcattttcccaggctgcttcccctcccgggtgaggagcgtcctgagactaaggaaagagcctggaaaATGGAGCAGACCTGGACG,1,,0.942619079,
Muscle00003,0.048344435,agagcagtgagcccagtcccgagtcccggagagagctccagcaataggggccatgtcgccgtagccccagcctctcggtccgcagcctcagcagcgtcccagccggctggcttcatgctgcggtgcagctgcaccatgttcctgggttgagggggcaatcgggcacgctcctccccatgggttgcccatcATGTCTAATGGATATCGC,0,,0.279721974,
Muscle00004,0.229583302,ggccacaaacacaagagtatgggacacgccagaggaagccacacggattttgcagggagacagtaaggattttgctcatcatcttaaaataagaccatcatcATGTGGAAACTGACCAGG,1,,1.328374082,
Muscle00005,0.075544242,ctctctttcactgcaaggcggcggcaggagaggttgtggtgctagtttctctaagccatccagtgccatcctcgtcgctgcagcgacacacgctctcgccgccgccATGACTGAGCAGATGACC,0,,0.437100661,
Muscle00006,0.174320514,ctctttcactgcaaggcggcggcaggagaggttgtggtgctagtttctctaagccatccagtgccatcctcgtcgctgcagcgacacacgctctcgccgccgccATGACTGAGCAGATGACC,1,,1.008622364,
Muscle00007,0.109184157,gcagcctcagcagcgtcccagccggctggcttcatgctgcggtgcagctgcaccatgttcctgggttgagggggcaatcgggcacgctcctccccatgggttgcccatcATGTCTAATGGATATCGC,1,,0.631741956,
Muscle00008,0.079693846,aggggccatgtcgccgtagccccagcctctcggtccgcagcctcagcagcgtcccagccggctggcttcatgctgcggtgcagctgcaccatgttcctgggttgagggggcaatcgggcacgctcctccccatgggttgcccatcATGTCTAATGGATATCGC,0,,0.461110362,
Muscle00009,0.00384494,ttttctctctctctttcactgcaaggcggcggcaggagaggttgtggtgctagtttctctaagccatccagtgccatcctcgtcgctgcagcgacacacgctctcgccgccgccATGACTGAGCAGATGACC,0,,0.022246908,
Muscle00010,0.239103129,ctttcactgcaaggcggcggcaggagaggttgtggtgctagtttctctaagccatccagtgccatcctcgtcgctgcagcgacacacgctctcgccgccgccATGACTGAGCAGATGACC,1,,1.383456013,
Muscle00011,0.124726426,tcattacggatcccggctgaaagccattttgtttttcagctcacttcaagggtacctgaagcgaattggcaccaaagcagcagctgtattgccgcagttctagcttcaccttcacgATGTTTCCCTTGGTCAAA,1,,0.72166987,
Muscle00012,0.032977019,atggagaaggaaagagatcagggcaccacactgctcaggctttattgaggccaggcaacagttggcttttaggtcagattttggagatggcctgtgaaactgcgttttcttccagtccttcccccagacacactttaaaATGAAGCCCCATTCAAGG,0,,0.190805764,
Muscle00013,0.16879213,aaatccattttctaaaaaagcagggagcagagctctctcttcgccgccgacgcagaaaggagctggggaggaaaaagctgctgccttttgcgctggagattcgtgggcaaggcttctcattttcccaggctgcttcccctcccgggtgaggagcgtcctgagactaaggaaagagcctggaaaATGGAGCAGACCTGGACG,1,,0.976635011,
Muscle00014,0.014326736,ccagtcccgagtcccggagagagctccagcaataggggccatgtcgccgtagccccagcctctcggtccgcagcctcagcagcgtcccagccggctggcttcatgctgcggtgcagctgcaccatgttcctgggttgagggggcaatcgggcacgctcctccccatgggttgcccatcATGTCTAATGGATATCGC,0,,0.082894813,
Muscle00015,0.014506843,acccagagcagtgagcccagtcccgagtcccggagagagctccagcaataggggccatgtcgccgtagccccagcctctcggtccgcagcctcagcagcgtcccagccggctggcttcatgctgcggtgcagctgcaccatgttcctgggttgagggggcaatcgggcacgctcctccccatgggttgcccatcATGTCTAATGGATATCGC,0,,0.083936916,
Muscle00016,0.043561735,tgctggcaggtggggcgcgggccggcgcgagctgaccgagcactcggcgggcgcggcgggactgcggcccgtggcggcgtgcgcggggacctgcgctgactaggtccggggaagtccctgctatgtggatatttggtagcaATGACTGATGTGGAAACT,0,,0.252049166,
Muscle00017,0.08015883,accaatgggcgacgcgtacttgcagtggcgcgctgtgtgcgtcacgccgacgacgcgcgaagggcacacatcttaggacccggaggacgtccggcctctgtgagccgcaacctttccaagggagtggttgtgtgatcgccatcttagggaATGTTCTCGTCCGTGGCG,0,,0.46380077,
Muscle00018,0.032156203,cctgcttaccacccaacactgagaaaatcaaactgggccacgtgcccacttgctgccttccttgcagctgagtccctaggcaaggaggccctggatgggggtggccgtgtcaccaaatatccgcttccctggtgataggaggtctgtgggccccactcatctcctgtgtgcttcccccagctaaccaggagATGCTTCAGAAGGTCGAA,0,,0.186056504,
Muscle00019,0.208580567,gcacatatgtgtcatgtccctctggtctggaaggcgtgtagtgtctgagccccactgctgtcccctgcttaccacccaacactgagaaaatcaaactgggccacgtgcccacttgctgccttccttgcagctgagtccctagctaaccaggagATGCTTCAGAAGGTCGAA,1,,1.206851791,
Muscle00020,0.003849482,gagctggcgacccgactccatggtccagcacatggcacagagactggggttgtgaccgagattcccgacgagagagactgaggggaagagaggaaggaggggcgggctcctggcaaggcattcgctcctgagcggaatcctgcaaagATGGAGAAGGAGGAGACA,0,,0.022273188,
Muscle00021,0.345566986,gtgtgcgtcacgccgacgacgcgcgaagggcacacatcttaggacccggaggacgtccggcctctgtgagccgcaacctttccaagggagtggttgtgtgatcgccatcttagggaaaagATGTTCTCGTCCGTGGCG,2,,1.999458253,
Muscle00022,0.050505973,ggctgccccctccgccaccgccgccgcccgccggcaggttccctggtcagcgtcccatcccggtcgggagttctctccaggcggcacgatgccgaggaaacagtgaccctgagcgaagccaagccgggcggcaggaacttctgcaATGTCCCATCAACCTCTC,0,,0.292228681,
Muscle00023,0.000168342,attcctacgtaccgggccgtgctgcttatggcggcgctggagagggggcgctgagctgttgggatgatgttgaatttgaagtatcatcggaccgacggactgggaaacccattgctgttaaactggtgaagataaaacaagaaatcctccctgaagaacgaATGAATGGACAAGAAGTG,0,,0.000974031,
Muscle00024,0.000478681,atttatgtgggtttgtttgagggctgcattcctagtgaagtattccatcaaactgccattattcatcttgatgaaagcttgaggaactttagaaggagagaaacatccagaccacccggtttttggtttctaaatgacatgaagagaatacaatgttaataattcagcttagagaactatcaacacaggacaATGCAAGCCCATGAGCTG,0,,0.002769659,
Muscle00025,0.039805383,gcgcggagagctgcgtgacgcggcggcgcgcaagggacgtgcggagtgagtggcgctgcgggtggggccgtcggcggcgctggtgagagaacgccgagccgtcgccgcagcctccgccgccgagaagcccttgttcccgctgctgggaaggagagtctgtgccgacaagATGGCGGACGGGGAGCTG,0,,0.23031483,
Muscle00026,0.102001096,agtgcggttgcgcggcggcccaggcgtcgaggggagcctcggcggggagcgcaccgcgcgcctgcgcggagagctgcgtgacgcggcggcgcgcaagggacgtgcggagtgagagaacgccgagccgtcgccgcagcctccgccgccgagaagcccttgttcccgctgctgggaaggagagtctgtgccgacaagATGGCGGACGGGGAGCTG,1,,0.590180606,
Muscle00027,0.019451248,cttagagacagtaggaaaatggtatctcccggaagttacctcacgacctccaagagcggcttccaaccttgccggaaatgacgaacgagtcaaccggatcggtgactgtggagggcgagctgagccctggccgccgccacaATGGGCCGCGAGTTTGGG,0,,0.112545353,
Muscle00028,0.028248777,gaggcctagggagggcgcggtccagggtcccggtgcctggctgcggaatttagggtagagtctgttcggcagcctttaatcggagacgtcacgtggccgctttttaATGCTGAAAAATCACTCT,0,,0.163448051,
Muscle00029,0.009399723,aggatcgcttgaacccaggaggcggaggttgcagtgagccaagattgttccattgcactccagcctgggtgacagagtgagactctcgcaaacaaacaaacaaagaaaacaaacagtcctagctaacatgtatcaagaaccactgccctgttactgttcacgaatctgtgcattatgaagacaagatattttaATGCACTTTTCCTACAGT,0,,0.054387006,
Muscle00030,0.112540461,ggcgctggtgagctttgcggagctgggcggtgccgaggaggaggaggtggcggcctgggtctgacgcggccctgttcgagggggcctctcttgtttatttatttattttccgtgagagaacgccgagccgtcgccgcagcctccgccgccgagaagcccttgttcccgctgctgggaaggagagtctgtgccgacaagATGGCGGACGGGGAGCTG,1,,0.651161606,
Muscle00031,0.024022471,gctgcgtgacgcggcggcgcgcaagggacgtgcggagtgagtggcgctgcgggtggggccgtcggcggcgctggtgagagaacgccgagccgtcgccgcagcctccgccgccgagaagcccttgttcccgctgctgggaaggagagtctgtgccgacaagATGGCGGACGGGGAGCTG,0,,0.138994551,
Muscle00032,0.248139741,cgccgccccttccgaggctaaatcggctgcgttcctctcggaacgcgccgcagaaggggtcctggtgacgagtcccgcgttctctccttgaatccactcgccagcccgccgccctctgccgccgcaccctgcacacccgcccctctcctgtgccaggaacttgctactaccagcaccATGCCCTACCAATATCCA,1,,1.43574205,
Muscle00033,0.159632751,aggcgcggctgggggtgcgaggctgcgcaggcgcggacggcgttggtttgaagaccttcagcgttgccctggcggagcagagacaggccctcggggtggaggtctttggtttcataagagcctgagagagatttttctaagatATGTGTAACACACCAACG,1,,0.923638641,
Muscle00034,0.031546061,agtcccactccttcgacctctgccgcagcccgtgccgccgccgcctcctgggaagcctcttttcctccgcagagaggaagcgggagaggagcccacgtcgcctgtcacccaatatctccagccgcgcagtcccgaagagtgtaagATGTTCGCCTGCGCCAAG,0,,0.182526209,
Muscle00035,0.038859277,acggcgttggtttgaagaccttcagcgttgccctggcggagcagagacaggccctcggggtggaggtctttggtttcataagagcctgagagagatttttctaagatATGTGTAACACACCAACG,0,,0.224840639,
Muscle00036,0.001173443,gagcccgcgccctcacgctcagcaccccagcctgcctgcccgcccgcctgccctgccgctgcccgctgtcacaccctgtagcgcgggagcttctcgcagcgccccgggccttctcgtggtaccctgcctgctgcctttgcccccgcactgactgcccggctccagcagccATGGTGGCCGGCATGCTC,0,,0.006789567,
Muscle00037,0.014006541,tgagctgagcctgtgccgagtgagcgtctcgtggggccgccagccttcagctgcctgtgtgccacacggggctgcccagagcaccgtgcctgaggccgagggtccgggcgacgaaggtgtgggggcagcATGTCTCAGCACCAGCTC,0,,0.081042157,
Muscle00038,0.151588771,attgatcagctgaagccccgcccctggccggcaagccctgccccggacctccgggctcctcccccggctgcggcgctggcctgggcagtgcggtgcggggctggactctgcctggtggtggcacagccgccctcagccccggcgcagacATGGACCCCTCGCGAGCC,1,,0.877095994,
Muscle00039,0.27618245,tgcaatataatgtgataagttctttaaaagaggtaagagcaacgtgctttgggagcagagaagagggagaaagcagcatcttgcctggatgagccaggggacacagaagagaagcccactatctcatttaatctttacaactctcttgcaaggttccctggttgtgaaaatacatgagataaatcATGAAGGCCACTATCATC,2,,1.597997787,
Muscle00040,0.005022735,agtctggcccttgagtaccgggtacgcaggggtgcctcaaccacactccgtccacggactctccgttattttaggaggtccctggccaaagatttatttctcttgacaaccaagggcctccgtctggatttccaaggaagaatttcctctgaagcaccggaacttgctactaccagcaccATGCCCTACCAATATCCA,0,,0.029061656,
Muscle00041,0.016967462,atgcgaaaggggagctgttggaattcaaatagactttctggttcccagcagtcggcagtaatagaatgctttcaggaagatgacagaatcaggagaaagatgctgttttgcactatcttgatttgttacagcagccaacttattggcatgatggagtgacaggaaaaacagctggcATGGAAGATGAAAGAGAA,0,,0.098174112,
Muscle00042,0.076154037,ccccttccgaggctaaatcggctgcgttcctctcggaacgcgccgcagaaggggtcctggtgacgagtcccgcgttctctccttgaatccactcgccagcccgccgccctctgccgccgcaccctgcacacccgcccctctcctgtgccaggaacttgctactaccagcaccATGCCCTACCAATATCCA,0,,0.440628949,
Muscle00043,0.026593261,gtgagggaagccaaactttttcctatttaaggccaaagcaaaggaatctcagtggctgagttttatgacgggcccggtgctgaagggcagggaacaacttgatggtgctactttgaactgcttttcttttctcctttttgcacaaagagtctcatgtctgatatttagacATGATGAGCTTTGTGCAA,0,,0.153869199,
Muscle00044,0.003557882,cgcggcggtggcgggggcgcaaccagcgggccgaggcggcggcgccagcggcgccttaaatagcatccagagccggcgcggggcagggagtgggctgcagtgacagccggcggcggagcggccggtccacggaggagaattcagcttagagaactatcaacacaggacaATGCAAGCCCATGAGCTG,0,,0.020585984,
Muscle00045,0.064844475,gcgcagcctgagagggggtgagctgacactgtcccagctgccacctagactcggagctccatccaaacctccagcgaagacatcccaggtcgggtgaatcttccagccctgggggtggaggtagtaaaggccATGGCCATGCAGAAAATC,0,,0.375191572,
Muscle00046,0.424140483,gcatgtaccaggctggctccgacgacggaaccgccatgggtgctgagtggagagtggggaccgcggaccccgggggcaggatgagttccacccgttcatcgaggcactgctgcctcacgtccgcgctttctcctacacctggttcaacctgcaggcgcggaagcgcaagtacttcaagaagcatgaaaagcggATGTCGAAGGACGAGGAG,2,,2.454086251,
Muscle00047,0.312978379,gtggtaccaggacttagactaatcagtagtcacctggactggataaaaggggacctcttttaggaaggaggcattgcggcctcatttgctgtcaagcttttcaaagcatggATGGCAGAAAAAGATGCC,2,,1.810899849,
Muscle00048,0.224554996,cctcgcagtaccgtgatgttgacgaacgttttcccggggacggcggcccagacggagggcgagtccttgtagcccacgatggccgcgtcctgacaggtcccgtccgccatgaggttgtcgatccATGGCCATGCAGAAAATC,1,,1.299280192,
Muscle00049,0.421613234,accacagaaagccgagcttcccggtgaaaacagctctccccagagaagacccagctctggcgggaaagccccggaatcgcaaccggcctttccccaagtacggctgggcgctgggatggggcctgctgtaacggcagggagacggtctctccgcggcccaggagagagagaccagaaggaacggcctcagagtggatcATGACCCATGAAGAGCAC,2,,2.439463532,
Muscle00050,0.118352152,ctgtctacggcagctattccagaggcaacaactgcttccctctgttctcatctccccattggtggctggcgacccgaatttgggaatggggagattgcccacctgttatctttgagcagactaatctcttgggtaactcattcgactgtggagttcttttaattcttatgaaagatttcaaatcctctagaagccaaaATGGGACACAGTAAACAG,1,,0.684788179,
Muscle00051,0.049409707,ctgtctacggcagctattccagaggcaacaactgcttccctctgttctcatctccccattggtggctggcgacccgaatttgggaatggggagattgcccacctgttatctttgagcagactaatctcttaagccaaaATGGGACACAGTAAACAG,0,,0.285885662,
Muscle00052,0.334885907,ctcgccggtcccagagccgcagctgctgcgcccgcgcgctcccggggacattctaaccgccgccaggtcccgccgcctctcgccccgctattaataccggcggcccgggaggggggcgcagcacgcgccgcgcagccATGGGGAGGCTGCTGGCC,2,,1.937657292,
Muscle00053,0.111213402,gtgcccgcgcggccagcgcccgccaggcccagcgttagcccgcggccaggcagccgggaggagcggcgcgcgctcggacctctcccgccctgctcgttcgctctccagcttgggATGGCCGGCTACCTGCGG,1,,0.643483213,
Muscle00054,0.001441808,ggctgagttttatgacgggcccggtgctgaagggcagggaacaacttgatggtgctactttgaactgcttttcttttctcctttttgcacaaagagtctcatgtctgatatttagacATGATGAGCTTTGTGCAA,0,,0.008342333,
Muscle00055,0.187670002,aaggaaagaatattttggggctaaaagagccccgtgtctttgctgcctggtaattcctgcacgcatcttttcctattttgcaacgccataggcttccagcgactgctggtgatgtttctgatgccgacaaaaggatcaaggtggcgaagcccgtggtggagATGGATGGTGATGAGATG,1,,1.085862798,
Muscle00056,0.032381588,gagtagaagcaggaggttttcaacctagtcacagagcagcacctaccccctcctcctttccacacctgcaaactcttttacttgggctgaatatttagtgtaattacatctcagctttgagggctcctgtggcaaattcccggattaaaaggttccctggttgtgaaaatacatgagataaatcATGAAGGCCACTATCATC,0,,0.187360587,
Muscle00057,0.060387785,ggcgtcgtggggaggagcgtggcgtcggcgtcgtggggaggagcgtggcgtcggcgtcgtggggaggagcgtggcgtcggcgtcgtggggaggagcgtggcgtcggcgtcgtggggaggagcgtggcgtcggcgtcgtggggaggagcgtggcgtcggcATGGTGGGGAGGAGCTGT,0,,0.349405065,
Muscle00058,0.156800196,agagggagtcctcgcggacgtcagccaagattccagaatgactatcttgacttacccctttaaaaatcttcccactgcatcaaaatgggccctcagattttccataagacctctgagctgttcctcccagctacgagctgccccagagagagaatctgaccaacacagttgatcacttgtaggtagATGACACTGGTTTCTGGT,1,,0.907249415,
Muscle00059,0.351837366,tgtttggggcccgcgcgggttgcgcgccctccgccttcgcgcctcctgcccccgaggccctactgctgcccctgtgcccctcgccccgccgggcgtcgcgggccaacATGGGCCAGGAAGAGGAG,2,,2.035738811,
Muscle00060,0.576936927,acccgggaaaccggaagccgcctcccacttggttgctcgtacgcggctagtgggtcctcagtggatgtaggctgggcgccgcgatgttcgacgggacaccggcggagagcgacctcggggttaaggggtggggctgacgtcaggagccaagATGGCGGCGGTGGTCGCC,3,,3.338169868,
Muscle00061,0.298756845,actcgctgctgaccaggctctgccggctccttcggcctcgccgcagcccgccgccctctgccgccgcaccctgcacacccgcccctctcctgtgccaggaacttgctactaccagcaccATGCCCTACCAATATCCA,2,,1.728613738,
Muscle00062,0.531564728,gctcagctgccctccagaactcctccctggggacaacccctcccagccaatagcacagcctaggtccccctatataaggccacggctgctggcccttcctttgggtcagtgtcacctccaggatacagacagccccccttcagcccagcccagccaggtctcctacaccgccaccATGCCATTCGGTAACACC,3,,3.075645317,
Muscle00063,0.038149525,tctggcattgcaagcctcgcttcgttgccacttcccagctcttcccgccttccgcggtataatcaacactacgagagatagagccgcctagaaccagtccggaggctgcggctgcagaagtaccgcctgcggagtaactgcaaagATGCTGTCCGTGCGCGTT,0,,0.220733999,
Muscle00064,0.26567896,ggggcagtacttccgggtcaggtgggccggctgtcttgaccttctttgcggctcggccattttgtcccagtcagtccggaggctgcggctgcagaagtaccgcctgcggagtaactgcaaagATGCTGTCCGTGCGCGTT,2,,1.537224361,
Muscle00065,0.05358278,cctttctgggcaggacccgccccttggtcccgcagagccttggtacttggacctgaaccttgctccgagagggagtcctcgcggacgtcagccaagattccagaATGACTATCTTGACTTAC,0,,0.310031155,
Muscle00066,0.976983902,accagctgatattttctttcctcaggaccagctgttcaggagcatcccggacgagagccaggcacatttgagacttggatccaactaaagaccgccgcagattcttctgcagcaATGTCGGTGTTAGAAGAA,6,,5.652850546,
Muscle00067,0.088858871,ttccggtcgcgggacaccgggtgtagagggcggtcgcggcgggcagtggcggcagaatgttggctaccagggtatttagcctagttggcaagcgagcaatttccacctctgtgtgtgtacgagctcatgtgttgtgaagagcgaagacttttcgctcccagcttatATGGATCGGCGTGACCAC,1,,0.5141394,
Muscle00068,0.002827269,gcgactcgaggagagggaccccgctggccggagggagagggagagacttcgctgggcagatgggacaccgtgtgcagggccgtcatgtgccggtggtggtgtgcacattgagccccggtatagacagttcccccagctgaccagatcccaggtgttccagagcgagttcttcagcggactcATGTGGTTCTGGATTCTC,0,,0.016358641,
Muscle00069,0.2265558,atggttttcaataattgtcctgaactctgctacagactaataaaacttcggtcaagttgcgagcaaaagggattatttggttccctggttgtgaaaatacatgagataaatcATGAAGGCCACTATCATC,1,,1.310856888,
Muscle00070,0.083684599,actcactatcactaggccaacagatttaggtactcatgtttaagtaaagtagaataaaaaataaaatggagcaagaactgggctcagatatgactcctaaaggttgtatgagggcacggccttgtaaagaaacccaaagcagcacagcctctgagaactgaataatggccccttccagATGCCTCTTTGCAATGGT,0,,0.484200948,
Muscle00071,0.161405757,cgcagtagccgcctctgccgccgcggagcttcccgaacctcttcagccgcccggagccgctcccggagcccggccgtagaggctgcaatcgcagccgggagcccgcagcccgcgccccgagcccgccgccgcccttcgagggcgccccaggccgcgccATGGTGAAGGTGACGTTC,1,,0.933897293,
Muscle00072,0.030245852,aggtaaagcagctccctggctgctctgatgccagggacggcgggagaggctcccctgggctggggggacaggggagaggcaggggcactccagggagcagaaaagaggggtgcaagggagaggaaatgcggagacagcagcccctgcaatttgggcaaaagggccccaggATGCAGGCCCTGGTGCTA,0,,0.175003171,
Muscle00073,0.27778095,tgggcgtggcttgaatgacttcagtggcctcctcctgggagggagctgaagccgctcgcaagactcccgtagtccccacctctctcagcttccggctggtagtagttccgcttcctgtccgactgtggtgtctttgctgagggtcacattgagctgcaggttgaatccggggtgcctttaggattcagcaccATGGCGGAAGACATGGAG,2,,1.607246743,
Muscle00074,0.052502107,cgcttccaaagttggagctctccggggtgggagggggcggggaggacggcggggcggtgacgtcacccccagcggggataaagcgcccccgcccgggtcggggccaggacgccgcccggcgcggagtggctgccctgcgcggggacacttagagcccggtgggcgggaggaaggcggcATGCCCCAGACGGTGATC,0,,0.303778357,
Muscle00075,0.287569564,acttattcaagtaataagaaagcaaagaagagtttggccaaatcctctagtcgctctcatagctgaaggcacccaccggggccacttctgtccccagcgtcttctcgggtcgtgcagccATGGCCATGCAGAAAATC,2,,1.663883881,
Muscle00076,0.117366587,atacaagagatgtgagaagcaccataaaaggcgttgtgaggagttgtgggggagtgagggagagaagaggttgaaaagcttattagctgctgtacggtaaaactccttctttctgcaacATGGGGAAGAACAAACTC,1,,0.679085678,
Muscle00077,0.161502528,cggccactcggcatctgggttttagtcaggcagtgctccaggcgcctggctgccaggctacgggagaaaagtcctccgctcggccgcacccgttagaggcgctctccactgctgtcctcttcagctcaagATGGTGGCCTGCCGGGCG,1,,0.934457212,
Muscle00078,0.063506366,agagagtacctcacgaaggggacgtgggaaagtgttagcggggaacgctgggaaactcccggcctccgccaccatcttgctttcctttaatccggcagtgaccgtgtgtcagaacaatcttgaatcATGAAGCTACTAACCAGA,0,,0.367449244,
Muscle00079,0.259798451,cagcgcaggacacggcgccgagggtggggcgcgggcgtagtggcgccgggagtcgcgggtgcgcgcgggccgtgagtgtgcgcttttgagagtcgcggcggaaggagcccggccgccgcccgccggcATGAGCTACGACCGCGCC,2,,1.503199605,
Muscle00080,0.126483585,gggagtttcgaggggagcagctctgcagttgtgtggccgctgtttatgtccctcggtgccatcctcactgtcccagcccctccagcgggaacccaggtggatgggagggggctactgcccttctgtgacagagcactgacacggctcccgggacctcggcaggATGGAAGAGAAGCTGAAG,1,,0.731836831,
Muscle00081,0.091899967,agtccagacagcctgggaggggagaaggagttggagctcaagttggagacagcgaggagaaacctgccatagccagggtgtgtctttgatcctcttcaggaggtgaggagaagccagaggtccttggtgtgccctcagaaatctgcctgcagttctcaccaagccgctgtgaaaATGGGGATAAACACCCGG,1,,0.531735249,
Muscle00082,0.122721605,agcatcttgcctggatgagccaggggacacagaagagaagcccactatctcatttaatctttacaactctcttgcaaggttccctggttgtgaaaatacatgagataaatcATGAAGGCCACTATCATC,1,,0.710069931,
Muscle00083,0.115488849,ctctcttccggtcgcgggacaccgggtgtagagggcggtcgcggcgggcagtggcggcaggtgagacaggaggtggccggtgcggcgccgccaggccgggccgggtcggggggccgggagccatcaagtctgcacgtccgcagcctggccgctcggcttcagcaggaagcaccgaatgggcctcggagccagaATGTTGGCTACCAGGGTA,1,,0.668221044,
Muscle00084,0.075131617,tttggagccccggagtggggtgtcggcgcctcattcgggtggagctgagccggagacaggcagcgtccttgtgaactttccgcttggatcctgactctgctgttagtagcctatgaccttggatgaaatgcagttgtgaaaaacttcaggacaaaaATGTTTCATTTAAGGACT,0,,0.434713204,
Muscle00085,0.169478345,cgcaaccgtccgccgcccggtgcactgtggacgatgagtcagggttaggggcgccaggacgtgggcgtgcaggacgccagagctgggtcagagctcgagccagcggcgcccggagagattcggagATGCAGGCGGCTCGGATG,1,,0.980605467,
Muscle00086,0.057385063,agtgacctgcggggtgggagggggtggggattggctccctgctgcagcctagcctggtgtgctccctgaaagccaagagctccttgcagccccctgtccggcttcccggcaccggctgccctggggctcatctcgcagaccATGACCCGCCTGGACCGC,0,,0.332031248,
Muscle00087,0.077805988,agatgatatcttccaagtgtctgctcgggacacggcttcagccctctgtggtcccctctccccggggggctttgggattcttgtcaagctccttcaagagcctgcaagcacttaaccagccacccagagttccctcactgaagatctgagcATGACCCGGGACGAGGCA,0,,0.450187174,
Muscle00088,0.403852738,gccctcgcacgtcactccgggacccccgcggcctccgcaggttctgcgctccaggccggagtcagagactccaggatcggttctttcatcttcgccgcccctgcgcgtccagctcttctaagacgagATGCCGTCGGGCTTCCAA,2,,2.336700908,
Muscle00089,0.123976532,gggactgtgttaagaaccaagggcatataaagacagatgggaggagaccctggccggggagaggaagaagcatctacataggtactaagtaccattcgctaattcagcttagagaactatcaacacaggacaATGCAAGCCCATGAGCTG,1,,0.717330966,
Muscle00090,0.013855655,attgcaagcctcgcttcgttgccacttcccagctcttcccgccttccgcggtataatcaacactacgagagatagagccgcctagaaccagtccggaggctgcggctgcagaagtaccgcctgcggagtaactgcaaagATGCTGTCCGTGCGCGTT,0,,0.080169127,
Muscle00091,0.167389801,actgcgccgccaccgtcaataggtggaccccctcccggagataaaaccgccggcgccggcgccgccagtccctctggctgagacctcggctccggaatcactgcagcccccctcgccctgagccagagcaccccgggtcccgccagcccctcacactcccagcaaaATGGGCAAGGAGAAGACC,1,,0.968521105,
Muscle00092,0.251998562,gcgcacgccggccgcgcccacgtgaccggtccgggtgcaaacacgcgggtcagctgatccggcccaactgcggcgtcatcccggctataagcgcacggcctcggcgaccctctccgacccggccgccgccgccATGCAGCCCTCCAGCCTT,1,,1.458069274,
Muscle00093,0.061742345,ctccggagacagcctcagaggggtgtccagagccaggcagcaaggaccagaggaaggtggacagagaccgaaaggacaaaggagagacacagagaaaaaaagagaccaaccccaaagggacaaagaccccaacgtttgtccacattgccgcagaggcagctggagccagtgctgcctgtccgtccccATGGGCCACCATAGGCCA,0,,0.357242579,
Muscle00094,0.095945575,tttgctgctgaggaaatttatttggtagattgaaggtttgaacgagagctacagaaacgaaagaaaaagtctgtataagccaatggtgttcgggaagaaaataaccccattgccttgagtttgtaggtgccactactactctggaaaaATGGCAGATGACGAAGAC,1,,0.555143227,
Muscle00095,0.222605234,gaagcggtggtttttagcggctctctgggtagcagggtggtgtgatagcggcagcgaggggctcggagaggtgctcggattctcgtagctgtgccggcccacaatgattctgagctaaaacacaaaataaaaaccagattcattgccaccagcgctcacctcgcctgacttaaaaaaaaggacttaaccaccaccATGTCGAGCAAAAGAACA,1,,1.287998826,
Muscle00096,0.029938212,ggccaccggaattaacccttcagggctgggggccgcgctatgccccgccccctccccagccccagacacggaccccgcaggagatgggtgcccccatccgcacactgtcctttggccaccggacatcATGCCTCCCAAGAAGGAT,0,,0.173223159,
Muscle00097,0.188771649,gaaaacttgggaacaggcattccaaccactgtgactccagagattgagagagtcaaacgcaatcaagagaactttagctcggttttgtacaaagaaaatttggggaaaggaatcccaacacctatcactccagagATGGAGAGAGTCAAACGC,1,,1.092236952,
Muscle00098,0.000636244,cgacgacggaaccgccatgggtgctgagtggagagtggggaccgcggaccccgggggcaggatgagttccacccgttcatcgaggcactgctgcctcacgtccgcgctttctcctacacctggttcaacctgcaggcgcggaagcgcaagtacttcaagaagcatgaaaagcggATGTCGAAGGACGAGGAG,0,,0.003681322,
Muscle00099,0.109914415,gcggggcggaccggcgctgggcagccaggacagccgcggcagccgggtccgcagggcagcagccggcctctcccactgcagccctcccgcccgcctaccgtccggcgcgATGGCGGGGAGTAGCTCG,1,,0.635967245,
Muscle00100,0.105515101,gaagacctttgtgagtgtccagggaccggctgtgccaaaacgggcccctgtaatgcatagactccaaacttgacttctgtcctttgctcctgcagtttgccatctttctgtctcttatcATGTTGGTGGAGGTGGCC,1,,0.610512717,
Muscle00101,0.257932771,atctacctcgcgggtgcctctggtgtctccagaggtctccgaccccagcccgcccccagccctcccgcccagcccgcagccccctccctctgttccccgacctcagaccctgggcttccgacctcgacatcATGGGTGACGCAGAAGGC,1,,1.492404739,
Muscle00102,0.34085038,attctgcgcctgcgcgcggctacagcacggttcgtttttcctttagtcaggaaggacgttggtgttgaggttagcatacgtatcaaggacagtaactaccATGGCTCCCGAAGTTTTG,2,,1.972167866,
Muscle00103,0.09396884,accggattttccttctccctctctctatctccacagatcccttcccaagaggagtctcctgctaaaacttcatcatctcaagttgacctgccacttcacccaaggaggcaagctcttgcctgtaacagtgtatttgccaacATGGCACCCAAAAAGAAG,1,,0.543705794,
Muscle00104,0.058919777,agtacctgaagtattaatttctagtagctgtgggtttctgtggacgcctagagaaaaaaaagaccacaaaaaaagtctgtttcgaaaatcgactggccaggagtttgtttgtttttttttcctgcttagaggcaccaccggaggactgtgtaaaggaaactgaaaactacagaaattagcagagtacggaaagacATGTACAATGACACATTA,0,,0.340911138,
Muscle00105,0.044320478,acgttagcctccggtcatcaaatagcaaaacccaaaacaacagcagatgatatcttccaagtgtctgctcgggacacggcttcagccctctgtggtcccctctccccggggggctttgggattcttgtcaagctccttcaagagcctgcaagcacttaaccagccacccagagttccctcactgaagatctgagcATGACCCGGGACGAGGCA,0,,0.25643927,
Muscle00106,0.21465069,cacaaattcgcagcaggcggctggggcggcggctggggcagcggctgcagcagcggcggacgctctgcattacccagtcttgcgtcctcggcaggcgcccgaagctgagtgcgcatcctctaccgcacccaagcttcgtctgtctcgtcaagctcttcatgctgcccaactaaaaggaaaacATGGGCACAGGGGATTTT,1,,1.241973658,
Muscle00107,0.044830371,ggcggggctgcgccgggttccgtgtgtctatgtcaatgtgtctgtccttcactcctccattgtctgccgccactgctgctgctgctgctgctgccgctgctgctgcacgaatcgccgcagcccccagccttgcgcgtcgtcgctacctcctcggacagaaattttATGAATAAGCATCAGAAG,0,,0.259389522,
Muscle00108,0.280448276,gctccaccagatccgcgggagccccactgctctccgggtccttggcttgtggctgtgggtcccatcgggcccgccctcgcacgtcactccgggacccccgcggcctccgcaggttctgcgctccaggccggagtcagagactccaggatcggttctttcatcttcgccgcccctgcgcgtccagctcttctaagacgagATGCCGTCGGGCTTCCAA,2,,1.622679951,
Muscle00109,0.087826492,ccttcgcgccctttggcaagctcggactcatcttctggggattgccgcagtgacccagtaatgggaagggattgatttccaccttgcggggtatggggcgctcttaggaggactctggagaagtagttgtcctgggagaggagcgatcttaatcctgctgcatgacgggaggacaaaATGCGACGCTGCAGCTAT,1,,0.508166032,
Muscle00110,0.165689705,agtgcaggtcgctttaagaaaggagtagctgtaatctgaagcctgctggacgctggattagaaggcagcaaaaaaagctctgtgctggctggagccccctcagtgtgcaggcttagagggactaggctgggtgtggagctgcagcgtatccacaggccccaggATGCAGGCCCTGGTGCTA,1,,0.958684311,
Muscle00111,0.053434208,ggcggggctgcgccgggttccgtgtgtctatgtcaatgtgtctgtccttcactcctccattgtctgccgccactgctgctgctgctgctgctgccgctgctgctgcacgaatcgccgcagcccccagccttgcgcgtcgtcgctacctcctcggacaggtgagaagcagcccagaaattttATGAATAAGCATCAGAAG,0,,0.309171514,
Muscle00112,0.129812062,gagcccattagccgcacaaattcgcagcaggcggctggggcggcggctggggcagcggctgcagcagcggcggacgctctgcattacccagtcttgcgtcctcggcaggcgcccgaagctgagtgcgcatcctctaccgcacccaagcttcgtctgtctcgtcaagctcttcatgctgcccaactaaaaggaaaacATGGGCACAGGGGATTTT,1,,0.751095473,
Muscle00113,0.036747332,cagcggcggcagcagctcccgcagctcctgctctggtccgcctcggcccggcggcggccatcagccccctcggcctcggctcgaggggcggggagctgcgcgcgcccctcggtccgaccgacaccctccccttcccgcccccATGGGCTGCCTCGGGAAC,0,,0.212620879,
Muscle00114,0.581438402,ctctgccactctcgctccgaggtccccgcgccagagacgcagccgcgctcccaccacccacacccaccgcgccctcgttcgcctcttctccgggagccagtccgcgccaccgccgccgcccaggccatcgccaccctccgcagccATGTCCACCAGGTCCGTG,3,,3.364215502,
Muscle00115,0.160329105,aagttgctgagacaagggaagagagatgaggaaccagagcttgtagaaaccactttaatcatatccaggagtttgcaagaaacaggtgcttaacactaattcacctcctgaacaagaaaaATGGGCTGTGACCGGAAC,1,,0.927667761,
Muscle00116,0.040362443,attgtctgaggcaaaaagacatcaagtcctttcatgctgtcctgggaaaggcggtttggaacaagttatcctgattctagagacaggggattcaacttcaatttttctgcagtggctctgggtccagccccttacttaaagatctggaaagcATGAAGACTGGGCTTTTT,0,,0.233537991,
Muscle00117,0.054912642,tttgactcactgaccctgatggggaagatagtgttattcccacagtgtggtagtacacactggggcttatagggactgagcctactcaagggtatatggtgctgtgggtcagagctggggcatggcccagggattcagtgtgccttgactccccctgttctgtggacaatcacaATGGGAATCCAAGGAGGG,0,,0.317725766,
Muscle00118,0.156908075,atttgactcactgaccctgatggggaagatagtgttattcccacagtgtggtagtacacactggggcttatagggactgagcctactcaagggttctgtggacaatcacaATGGGAATCCAAGGAGGG,1,,0.907873605,
Muscle00119,0.260129157,gcggggatgcggctgtgggcgccggggccgggtagctgctccaggcgcgcgagctaaccgagtgcggcgagggcctaccaggggcgacagggtttctctccgcaagcgcgcgATGCAGCGGGCGGCGGCG,2,,1.505113077,
Muscle00120,0.1145043,agagcccatcctagcccaacatggcgtgggtgtcctgggaatgaggcctgcctccagcctcaccttctccatctgggaaatgggactattgatgcagaagcctccccaaaagtggatctgagaggcatagacatcgtggttctcacggactctccaaggATGAGGCCTGCGGACCCC,1,,0.662524422,
Muscle00121,0.09675288,atgtgcaaaggacttgcagctttgccccactcatgcctggaaagatggacttgccagtttcaaaagtttcctgaagtctgaattcagtgaggaaaaccttgagttctggattgcctgtgaggattacaagaagatcaagtcccctgccaagATGGCTGAGAAGGCAAAG,1,,0.559814312,
Muscle00122,0.184063154,cggaacgcagggccgggctccagggaactacagctcccagcatgccccggggcccgcaaccgtccgccgcccggtgcactgtggacgatgagtcagggttaggggcgccaggacgtgggcgtgcaggacgccagagctgggtcagagctcgagccagcggcgcccggagagattcggagATGCAGGCGGCTCGGATG,1,,1.064993495,
Muscle00123,0.055578897,aaatgctaatgtaaccccaaagaactttacaaagcggaattcttagttttcacaagtgtggcccagcctccctcttgaatctttttggttgtggaatcgaggtgttctgtttaattatccagtgtgactgactctgtggcagggacgaagagaaaaATGAAGACGGGACATTTT,0,,0.321580732,
Muscle00124,0.01619822,gacgtagtcttctgttgtccttgactgggcgccgcctcccgccccgccgcctcggaagcccctgagagccggcagatggggggcttttagccacggtctctggtctgatgaagcagaaaagaagatgaggatcagggggtcctcgggaacgctgtcacgaatgtaggcttgcagcaatATGTTAAGGATACCTGTA,0,,0.093723261,
Muscle00125,0.091669338,aaccgtccgccgcccggtgcactgtggacgatgagtcagggttaggggcgccaggacgtgggcgtgcaggacgccagagctgggtcagagctcgagccagcggcgcccggagagattcggagATGCAGGCGGCTCGGATG,1,,0.530400825,
Muscle00126,0.137665249,ggccaccgcagcggacagcgccaagtgaagcctcgcttcccctccgcggcgaccagggcccgagccgagagtagcagttgtagctacccgcccagaaactagacacaATGTGCGACGAAGACGAG,1,,0.796534187,
Muscle00127,0.03827894,gaagttgaaggggcgcagcgataccggtgcgcggcgctggcgtcgggcgcgtgacgtctttcctgcgcgccacctagcgtctctatcgcgccagttcctcagcctcagtgctatgaaggtgacagcgtgaggtgacccatctggcccgccgcgATGCTGGCAACACGGCGG,0,,0.221482797,
Muscle00128,0.229330157,gacggcgccctcaccgcgagtcacttgtcagcccttgtctgaggcggaggcagccccgcgccgcgccggacccgagcatatttcattttctgtcattggactttgagccattagaaccATGAGCAACTACAGTGTG,1,,1.32690938,
Muscle00129,0.004808699,ggcggggaggggcgtcttgggcctggagattaggaagaaacagcaagaagtagtgggttttttggaagcgaataaaatcgactttaaggaattagatattgctggagatgaagacaacaggaggtggATGAGAGAGAATGTTCCT,0,,0.027823239,
Muscle00130,0.754256706,cttggctggaggctctgcgaggacagctggggagaaggggagctgtgcccagatttaccaaagggaattgtcagctgtccaagggctagcaaattcctaggtcacctagattggattttctgaccataaaaactgtgggccaggtgcacagctgcctgaggggctcaaacctgtgcagactgcgccATGGGGCTCAGCGACGGG,4,,4.364146046,
Muscle00131,0.133215843,aggcgaggggccgtagggcctggaaggcgccagccgggccggcgggcggtgtgattgatccgcgtcccctggagctggaggctcgggggaaagggccagcacggagcgggcgctcggttgctgcgcacaaaggctgaggctccaagagctgcagggcgtgtttggggtgcgcgcgaggttgtgtgcaaggccaccATGGCGGAGCTGCAGGAG,1,,0.770789825,
Muscle00132,0.120088739,gtttcctgttgcctgtctctaaacccctccacattcccgcggtccttcagactgcccggagaatccctgccagaaccaccactgcaaacacggcaaggtgtgcgagctggatgagaacaacacccccATGTGCGTGTGCCAGGAC,1,,0.69483611,
Muscle00133,0.487089848,ggcgggcccgagtcaaaggcaagtgaaggtggaagcggccgcggcggcagcagaccccagagtcagaaggagtgagaaccctgacccctaatcccactgcatccagccaataggagcccagccaccATGGCGGAGCTGCAGGAG,3,,2.818312674,
Muscle00134,0.64594799,cccacctccccgccttgttgtccaacttctcccggagcagccggagagcaggcgtcgggacgcagcaaagagaggagagaccccagagtcagaaggagtgagaaccctgacccctaatcccactgcatccagccaataggagcccagtaagtgaccccaccccgcaggctgcaggctccttcctgtgcaggccaccATGGCGGAGCTGCAGGAG,4,,3.73746941,
Muscle00135,0.529540352,aagtgaaggtggaagcggccgcggcggcagcagaccccagagtcagaaggagtgagaaccctgacccctaatcccactgcatccagccaataggagcccagtaagtgaccccaccccgcaggctgcaggctccttcctgtgcaggtctgtccaggccaccATGGCGGAGCTGCAGGAG,3,,3.063932233,
Muscle00136,0.487667011,gttttggtgagccgagcagagcctggaagcgtccagccgcccgcccctcgccccccggccccagcacaaccctttcctgagcggcagtctgggcgggaccccagagtcagaaggagtgagaaccctgacccctaatcccactgcatccagccaataggagcccagccaccATGGCGGAGCTGCAGGAG,3,,2.821652152,
Muscle00137,0.252937941,tagcgcccgtgggcgggctggggcgggccgggggcgggtctgcgggaagcccgagccggggcgggcccgagtcaaaggcaagtgaaggtggaagcggccgcggcggcagcagaccccagagtcagaaggagtgagaaccctgacccctaatcccactgcatccagccaataggagcccagccaccATGGCGGAGCTGCAGGAG,1,,1.463504542,
Muscle00138,0.393675016,atattgattccggctcgagcctagagaggacgtgttctctggacttaggggtagacagacactggggaggaccccagagtcagaaggagtgagaaccctgacccctaatcccactgcatccagccaataggagcccagccaccATGGCGGAGCTGCAGGAG,2,,2.277812382,
Muscle00139,0.004494133,gaaacagccaggaaaacgaagagcccccaggttttgacacagaaccctccaccagagttctcaaatccccaaatactctgcaaagtgcaacttgacgggaacttttcaactgacttttacttttgacgaccaccATGACTGAGATCACTGCT,0,,0.026003153,
Muscle00140,0.582378312,accccagagtcagaaggagtgagaaccctgacccctaatcccactgcatccagccaataggagcccagtaagtgaccccaccccgcaggctgcaggctccttcctgtgcaggccaccATGGCGGAGCTGCAGGAG,3,,3.369653842,
Muscle00141,0.348525231,agcaggtagggggaggggcaggcgaggggccgtagggcctggaaggcgccagccgggccggcgggcggtgtgattgatccgcgtcccctggagctggaggctcgggggaaagggccagcacggagcgggcgctcggttgctgcgcacaaaggctgaggctccaagagctgcagggcgtgtttggggccaccATGGCGGAGCTGCAGGAG,2,,2.016574724,
Muscle00142,0.491662807,agcgcccgtgggcgggctggggcgggccgggggcgggtctgcgggaagcccgagccggggcgggcccgagtcaaagaccccagagtcagaaggagtgagaaccctgacccctaatcccactgcatccagccaataggagcccagccaccATGGCGGAGCTGCAGGAG,3,,2.844771916,
Muscle00143,0.390041389,atattgattccggctcgagcctagagaggacgtgttctctggacttagggaccccagagtcagaaggagtgagaaccctgacccctaatcccactgcatccagccaataggagcccagccaccATGGCGGAGCTGCAGGAG,2,,2.256788136,
Muscle00144,0.31680453,gttcccgcgggcggtggggacggcgccctcaccgcgagtcacttgtcagcccttgtctgaggcggaggcagccccgcgccgcgccggacccgagcatatttcattttctgtcattggactttgagccattagaaccATGAGCAACTACAGTGTG,2,,1.833038044,
Muscle00145,0.602476796,gcgagtcacttgtcagcccttgtctgaggcggaggcagccccgcgccgcgccggacccgagcatatttcattttctgtcattggactttgagccattagaaccATGAGCAACTACAGTGTG,3,,3.485944117,
Muscle00146,0.513449235,agccaggaggcggaagttcccgcgggcggtggggacggcgccctcaccgcgagtcacttgtcagcccttgtctgaggcggaggcagccccgcgccgcgccggacccgagcatatttcattttctgtcattggactttgagccattagaaccATGAGCAACTACAGTGTG,3,,2.970828672,
Muscle00147,0.421336215,cccgctccgtcctcctcgcctgccaccggtgcacccagtccgctcacccagcccagtccgtccggtcctcaccgcctgccggccggcccaccccccaccgcagccATGGACGCCATCAAGAAG,2,,2.437860694,
Muscle00148,0.569214816,gggtggaaaactggcaaagagacctgagccagaagaagaggcctttgtctcacagacaaaccacaaagccaggcattggagtcagagaggcagcagatgccaggcttgcacccatccttgcgactggtcccctgggtgatctgtcttcttctctgtccctgtaaataaagtttgggtctgatcaccatgagccttagATGCGCCTGGAGAAGGAC,3,,3.293489562,
Muscle00149,0.081474477,gccattgggtgtggacagaaagctagtgaaacaagaccatgacaagtcactggccggctcagacgtgtttgtgtctctcttttcttagctcaaagcttcacaagactgcatatataaggggctggctgtagctgcagctgaaggagctgaccagccagctgacccctcacactcacctagccaccATGGACATCGCCATCCAC,0,,0.471413133,
Muscle00150,0.012517074,gtttccagggggagaactctgcagaggagaggcaaagttcaacaggacaacaaagaagcagcagaaacagccaggaaaacgaagagcccccaggttttgacacagaaccctccaccagagttctcaaatccccaaatactctgcaaagtgcaacttgacgggaacttttcaactgacttttacttttgacgaccaccATGACTGAGATCACTGCT,0,,0.072424068,
Muscle00151,0.470178743,ctcaagattcacagcatctcagacacagcctaggttcccatggacttgtcataagacaaaagaggacagctgtgctgagggggcagggtctgcagcctcctggctgtgccaggaccacacctaccaaggccgcaccaggATGTCGGACACCGAGGAG,3,,2.720464645,
Muscle00152,0.114090447,agcggcctttctctgttcgcgatgtgacgtaacgcgcctgcggactgggcccagcttgtcctctatgacttacccagaaggcaacgcttctctttctggtcaaaATGGCTGGTAAGCAGGCC,1,,0.660129859,
Muscle00153,0.434144885,attcagctgggaggagggagaggggaggagaaggggagggccgcgggaggagggtacgagtggccgaccacggatttgcattgccgaggacgggaccccagggcagcgaagcagaATGGCCAACATGCAGGGA,3,,2.511971943,
Muscle00154,0.049494915,aaacatttcagggatgggacaacttgtatttgtccctttcgcttccacgtccaaacccctttaagaaggatgaatgggcaggatgagttagactccttcgctgtatcgtctactgattcttaaaatgtgacaaatctgattggacgacttacATGGCTTCTGGAGTTACA,0,,0.286378677,
Muscle00155,0.002776753,acagccgagggcactatggtaagacgagcgcgctggccgggaggccgcggcgaggcgagaaaagccccccgcacggccccgggagtgaggccgccattttaacctgattttggcctccaaggcttctggagttacagtgaatgatgaagtcatcaaagtttttaatgatATGAAAGTAAGGAAATCT,0,,0.016066355,
Muscle00156,0.692288157,ccagcacgcggccgctctggcccagggaagtccctgtccttaccttcagcaggagccggttccctgtgtgtgtgtccgctcgccctctgctccgtcctgcggctgcccactgccctcctacggtccaccATGGCCCTGCTGCACTCC,4,,4.005594645,
Muscle00157,1.013462228,aggcagtctgactctggtgcccctgctgtgaagagctgtgccctgctgcattcctcctgtagctgcacgaaagggcaccttggaagttgttttcaaccatatccagcctttgccgaatacatcctatctgccacacatccagcgtgaggtccctccagctacaaggtgggcaccATGGCGGAGAAGTTTGAC,6,,5.86391495,
Muscle00158,0.402315846,aaactagaaggtcagcaaaggaaagtggaagttggattctgaaagatcgaggtgcccacaggaattttatggtcgtcggattttgaagacttgaactagactgggggttctccttgcatttcttgcctgttgcctatctttgtcctctctcttccggcttcgagATGAATGTGCAGCCCTGT,2,,2.327808416,
Muscle00159,0.704346246,gagggagccagatccactgccagtgctcatgttatatgataaacagacatttggagaagcaccttggaagttgttttcaaccatatccagcctttgccgaatacatcctatctgccacacatccagcgtgaggtccctccagctacaaggtgggcaccATGGCGGAGAAGTTTGAC,4,,4.075363016,
Muscle00160,0.236630104,ccgggctcctcctgctgctgggacagtgctctagtagaacagacagacctactgacacaggggaggtgagaagggaggtgaccaccaggactggctctgtgagtaccacacagtggggagggggtgggggccaccATGTCATCATATCAGAAG,1,,1.369147035,
Muscle00161,0.027339439,ggagggagaggggaggagaaggggagggccgcgggaggagggtacgagtggccgaccacggatttgcattgccgaggacgggaccccagggcagcgaagcagaATGGCCAACATGCAGGGA,0,,0.158186601,
Muscle00162,0.777816214,gcattgtcacagccctgtatcaccactcttaaaaggctcccacagccactcctagcaccagttgttgaccagcctgccacttgcctccctgcctgcttctggccgccttgaatgcctggtccttcaagctccttctgggtctgacaaagcagggaccATGTCTACCTTTGGCTAC,5,,4.500461882,
Muscle00163,0.269416091,taacaatgctgagtgtttgagctaatacggcttgataatgagggagccagatccactgccagtgctcatgttatatgataaacagacatttggagaagcaccttggaagttgttttcaaccatatccagcctttgccgaatacatcctatctgccacacatccagcgtgaggtccctccagctacaaggtgggcaccATGGCGGAGAAGTTTGAC,2,,1.558847484,
Muscle00164,0.128087568,agggaggatttccaggccggcccgaccagctcgccctgcatacacttcttggctgtgtgcgctcagcaggacgtgggaggctccggcttcaagacactcatccaagaggaaggATGGCCAGTATCTTTTCT,1,,0.741117512,
Muscle00165,0.325755917,atagaaaacttgccctcacttaagatggccacatcctgcctttgtcctcattggtaaattggctctctcagcttccgtgacccgcctcccttcttcctcctgcccgtagtagccATGGCGGCCATGAGTTTG,2,,1.884830968,
Muscle00166,0.134465829,agaacagacagacctactgacacaggggaggtgagaagggaggtgaccaccaggactggctctgtgagtaccacacagtggggagggggtgggggccaccATGTCATCATATCAGAAG,1,,0.778022272,
Muscle00167,0.002876188,ttttccgacagaggcctgcccgtgattggctgctcgtactatttacgtcctttcgatgttgcgtcatgcagtgcgccggaggaactgtgctctttgaggccgacgctaggggcccggaagggaaactgcgaggcgaaggtgaccggggaccgagcatttcagatctgctcggtagacctggtgcaccaccaccATGTTGGCTGCAAGGCTG,0,,0.016641688,
Muscle00168,0.500687183,tatcttccaagtgtctgctcgggacacggcttcagccctctgtggtcccctctccccggggggctttgggattcttgtcaagctccttcaagagcctgcaagcacttaaccagccacccagagttccctcactgaagatctgagcATGACCCGGGACGAGGCA,3,,2.896987156,
Muscle00169,0.597881362,gacagaattcgggcaccaggagaaggaagccaacaggatccgacccggtgttttgtgacaaaggcaagacccccaggtctacttagagcaaagttagtagaggaggcagctaggcgtggctctcattccttcccacagaATGGATTATAAGTCGAGC,3,,3.459354834,
Muscle00170,0.227241442,cacggtccgtctgcagtcggcagcctcgccggcagctcgctcggcccccgcttggcccggcccgcaggtaggagccgccgagggacgcggcgcccggttcccggccccgcctgcgccgcgcgctccccgctcccgccgcccgcttcgagggttctctccccttgccaccATGAGCGAGTCATTTGAC,1,,1.314824028,
Muscle00171,0.230822443,agtctgcgggcctccggggcagcggcgaggccggagcgtcgcggcggagaggacgagaccgggacaagaccagggcaggagggagccggccagccgcgagaaccccgcacgcccggcaagATGCTGTCCTGGCGGCTG,1,,1.335543779,
Muscle00172,0.270163105,agctatcagctgccacatcgacatagcctagagcaaagagggggagggaggagaagaagggggttgcctggagaaggaatcaacttttgaaactttctccaagtcccacccaccagaaggctcttctctgcctgactcactctccgaggaatgcgagttgccacgggttcccagcaccATGAGGGCCTGGATCTTC,2,,1.563169723,
Muscle00173,0.524080304,tgcccttatgccgtttaacactctgggtccatcttcaagacactgggctgtggatcaacccaaccaccactcctcttccaagaatcattttgacaggttcttttggaggaactccttctctttttaacccacccttttaaaaaaaaaaATGGCACCAAAGAAAGAC,3,,3.032340274,
Muscle00174,1.531531582,caggccaaggctggtgacagccttcatatatttaaagaggacaagagcccctcagactcagttgagctgaacggagtccacacaggcagacttgaccttgaccagatagtcttcaagATGCCAAACTGGGGCGGA,9,,8.861475734,
Muscle00175,0.180461277,tcccgcccgcgccctgcccaccccggccgcgcgcaccacaacgcccccgccccgccgcccggaaccagctgagcgcagctggacccagcagccgctgtctccagtgccgcagcagcagcccaacagcATGGTGGTGGAACACCCC,1,,1.044152955,
Muscle00176,0.239795595,ctcctgagcagccgctgggagacagacggcaaccaggttgcccctctttgctccagctagaaagacttgagttagacaagcagcagcacacgcctccctacctcATGGCGACAGAAAATGGA,1,,1.387462636,
Muscle00177,0.603984246,gggagcccccccgccccacatcctgccccgcaaaaggcagcttcaccaaagtggggtatttccagcctttgtagctttcacttccacatctaccaagtgggcggagtggccttctgtggacgaatcagattcctctccagcaccgactttaagaggcgagccggggggtcagggtcccagATGCACAGGAGGAGAAGC,3,,3.494666256,
Muscle00178,0.736366102,ggccccagctcctcctctctcacacccaggagtccagaccccagctcctcctctctcacacccaggagtccagacccaggagtccaggcccccagcccctcctccctcacacccaggagtctaggtcgccccctccttggggccccaccccactgggcctcttctctctggtccttaggccgcaccaggATGTCGGACACCGAGGAG,4,,4.260630614,
Muscle00179,0.305116617,ggccggctgctcaagtgggacgggggtcagagctttgtggagggaagaaaaacctggagggggcaggagagtaaaaagaagaaacccaggcagacaggcagttggacacactgaggaagaccccccacgagtgggaaccccctggaaggaacacaccggccccggcccccaggaagggagcacaATGGAGGCCGCTCATGCT,2,,1.76541152,
Muscle00180,0.65116974,gctattctgctgttgggtcaccttctgcctacttgtgacattccttctgctcttccttgctccagggattgttccagggcccccagttattctaaatggatatcttagcaaagcaATGTCTCAAGATGGTGCT,4,,3.767682572,
Muscle00181,0.033419191,atattgaataagcgacccggcctcctagggggtcgtcgtggtccagacagtttagcagaacagcctccgcggctccggggagaagcaatatgttaaggatacctgtaagaaaggccttagtaggcctttctaagtctcctaaaggATGTGGGAAGGTGTGATG,0,,0.193364181,
Muscle00182,1.2839494,gcttcgcccgagacccagcgcccaggcgtgtcgccccgagaggagccgcgcgaaggtcaccccgcgcccgccgcccgccgcccgccgcctccgtgggtccgtttgccagtcagcccgtgcgtccgagcccctcgcgccccgccgcagccccggccaaccgagcgccATGAACCAGATAGAGCCC,7,,7.428959732,
Muscle00183,0.069602005,acagtgctccccgcttccgcccagtccagcccgggccggctgaccgggtccgacacagtctcctggaccaggctccctccatcctcacccctcccccagcttcccgccgccactcaccgaaccggaaccggctgccATGCGAAGGGGTTTCCGG,0,,0.402718746,
Muscle00184,0.455962681,aggacgggcctttcaagagggacactggtcacaccgcccagtgtcagcagcagctgctagttctgaactgtctcactcccaggctacatcttctcacttgctaacaaggacctctgagttcagcagccATGAGTTCAGACTCAGAA,3,,2.638210195,
Muscle00185,0.284435171,cccgtccgcgcctgggctcccggggtggcacgagcccgcggccggagtgcgaggcggaggcgaggaggccgcggggacgggaggcgaggccggccgggcccccgaagccATGGAGAACGCGCACACC,2,,1.645748214,
Muscle00186,0.080381179,gagaggaggaaggggggcaggagaaaaaagcttttccaaaaaagtattggctgtcttgaggaatgcggtcgcccccttgggaaagtacatatctgggagaagcaggcggctccgcgctcgcactcccgctcctccgcccgaccgcgcgctcgccccgccgctcctgctgcagccccagggcccctcgccgccgccaccATGGACGCCATCAAGAAG,0,,0.465087286,
Muscle00187,0.009146379,gctatgaaggtgacagcgtgaggtgacccatctggcccgccgcgatgctggcaacacggcggctgctcggctggtcgcttcccgcgcgggtatctgtgcgtttcagcggcgacacgcacccaagaaaacctcatttggctcgctgaaggATGAAGACCGGATTTTCA,0,,0.052921152,
Muscle00188,0.860773583,gagttggtaaacagatccggagcgcgtggcgggcgtcagcgcggtggccagcgcgcagaggcgggcgcggaggcggctagaaggtgaccgcggatcccagcttcctgcagccagggccctgcagtccacggctgtggagcagattggcATGTTCTTGGGGAAGGTG,5,,4.980455061,
Muscle00189,0.589200558,agcgcggcggtgtgatgatgactccaaggagcccggcgcccggtgctggcctggtttgaggaaggtgaagagaccatcactgcctttgttgaaccctttgtcatcctcttgatcctcattgccaatgccatcgtgggggtttggcaggagcggaacgcagagaacgccatcgaggccctgaaggagtatgagccagagATGGGGAAGGTCTACCGG,3,,3.409127509,
Muscle00190,0.194529066,acttagcagagaagaatcaaatttccgggggcaaagcaaaataataaaatgaatgtcaggatattttatagtgtcagtcagtcaccccacagtctcctctctcttcttttctactgtgctatcctagaatcaaggatttcagcaacaATGCCTCTGTTCAAACTC,1,,1.125549494,
Muscle00191,0.121056557,gttggtaaacagatccggagcgcgtggcgggcgtcagcgcggtggccagcgcgcagaggcgggcgcggaggcggctagaaggtgaccgcggatcccagcttcctgcagccagccctgaaggATGGCTGCCATATTGGGA,1,,0.700435926,
Muscle00192,0.025456997,ctgctcgggacacggcttcagccctctgtggtcccctctccccggggggctttgggattcttgtcaagctccttcaagagcctgcaagcacttaaccagccacccagagttccctcactgaagatctgagcATGACCCGGGACGAGGCA,0,,0.14729475,
Muscle00193,0.471571138,tcttgaggaatgcggtcgcccccttgggaaagtacatatctgggagaagcaggcggctccgcgctcgcactcccgctcctccgcccgaccgcgcgctcgccccgccgctcctgctgcagccccagggcccctcgccgccgccaccATGGACGCCATCAAGAAG,3,,2.728521073,
Muscle00194,0.03907124,agagagagaagggcgcctcagaggtgactttcagcctgcgagccttcttcccggggcgccataaacgcccccaatttcccagctgctaaaggaagaggaagatcttagcaaagcaATGTCTCAAGATGGTGCT,0,,0.226067062,
Muscle00195,0.035092309,gcaggccgcggtggggtggggcggcgaaggccggaagggataaaaccgcagtcgccggcctcgcggggctcacggcctcgcctcggtatcgcagcgggtcctctctatctagctccagcctctcgcctgcgccccactccccgcgtcccgcgtcctagccgaccATGGCCGGGCCCCTGCGC,0,,0.203044879,
Muscle00196,0.219881483,ggaaagggacagaggagaaggagcctgaagagtggcggcatggaggggcccgaagtggggagcgggtcctctctatctagctccagcctctcgcctgcgccccactccccgcgtcccgcgtcctagccgaccATGGCCGGGCCCCTGCGC,1,,1.272239142,
Muscle00197,0.23979043,actgcatctccgactctgcccagactcttcactccgcggcaccctcaaaccccagcccaggccggggcgcacaagccagccagcgcacctgcagtcctcgcccggacgcgccgcgccccctcggaaccaggctctgctccgagcagccttcgcccctcaagccagccacagtccccgccaggccgggtgggcgtcaagATGAAGGCGGCCCGCTTC,1,,1.387432751,
Muscle00198,0.177009498,agtgctccagactcaacaggtgattggcccagagaggggaggtgaccccaggccccaggaaagggagcgaggacagcgctggttcccggctccccgcaccatcATGGCTTTGCCTCTGAGG,1,,1.024180885,
Muscle00199,0.275732828,agagtagtgaaggggcctctgcagggcggctctcgcgccgcgacgacggtggcgggggcggggagggcgcgagagactccgcccctctcgaggcggggcggggcctccgcgttcgctacaaaagccgcgcggcggctgcgaccgggacggcccgttttccgccagctcgccgctcgctATGGCGTCGCTCACCGTG,2,,1.595396264,
Muscle00200,0.477728681,aacgggagggaggcacaggcgcttgctttgcaggagtcagctctgccttcctcggctggagtgtgggtggcttggtgagccggtggtcaggaattctctctcctccttgcaattttcctttctgtctgggagcacgccaagATGTCCCTTGTGACTGTC,3,,2.764148754,
Muscle00201,0.384137095,ccccagctcctcctctctcacacccaggagtccagacccaggagtccaggcccccagcccctcctccctcacacccaggagtctaggtcgccccctccttggggccccaccccactgggcctcttctctctggtccttaggccgcaccaggATGTCGGACACCGAGGAG,2,,2.22262576,
Muscle00202,0.073797617,gcaggagtcagctctgccttcctcggctggagtgtgggtggcttggtgagccggtggtcaggaattctctctcctccttgcaattttcctttctgtctggtcggtggtggggagcggcagctggcagagagtcaacgcccagacggctgtgagatccccgagatatgccgtgtttgacctcATGGAAGGGAAGTCTTAT,0,,0.42699465,
Muscle00203,0.328102854,atttctcgagtttgatcctgtgtctgggattttttcaagtctgcctctgaaacttagacctgtgttgacagagagcacatgcaatattaaatatcttagcaaagcaATGTCTCAAGATGGTGCT,2,,1.898410397,
Muscle00204,0.041423194,gggacgacgccggcgccgccgcgctgctgctgggctccagcctcccggccagctcgcggccactcagaaactccggcagggcagcccaggccggacgtgggcccaggagcggacgcgcgcgctgcactgcagccgctgccccttccggatcagcatcgccccgcgcgccaggcgcccaATGTCACGGCGGCGCGCG,0,,0.23967552,
Muscle00205,0.475014996,tggggccgtgtgcagacccgcgtgtggcgcaggcaaggaccctcaaaataaacagcctctaccttgcgagccgtcttccccaggcctgcgtccgagtctccgccgctgcgggcccgctccgacgcggaagatctgactgcagccATGAGCAGCAATGAGTGC,3,,2.748447312,
Muscle00206,0.458019581,cgtgtgcagacccgcgtgtggcgcaggcaaggaccctcaaaataaacagcctctaccttgcgagccgtcttccccaggcctgcgtccgagtctccgccgctgcgggcccgctccgacgcggaagatctgactgcagccATGAGCAGCAATGAGTGC,3,,2.650111464,
Muscle00207,0.264763632,gtatgtggggccgtgtgcagacccgcgtgtggcgcaggcaaggaccctcaaaataaacagcctctaccttgcgagccgtcttccccaggcctgcgtccgagtctccgccgctgcgggcccgctccgacgcggaagatctgactgcagccATGAGCAGCAATGAGTGC,2,,1.531928253,
Muscle00208,0.069062122,ggggttagcgcctgcgctctggacggctttggggcagggcagatttatatctgcgggggatcagctgacgctccgcattgcagactgcggagtcagacggcgctATGTACGCCCTCTTCCTC,0,,0.399594971,
Muscle00209,0.181038079,gctgagtcagggcgctgttgagctcgggcaggcccggatggggcggggttagcgcctgcgctctggacggctttggggcagggcagatttatatctgcgggggatcagctgacgctccgcattgcagactgcggagtcagacggcgctATGTACGCCCTCTTCCTC,1,,1.047490344,
Muscle00210,0.21989203,tattaccatcaacaccttctattcacactctatctcccaagtgctagcagtctaaagcaccagcaggcagctggctccggttttggggtatctgggctccaggcagaagcacagcctccccgacctgccctacgactacggcgccctggaacctcacatcaacgcgcagatcATGCAGCTGCACCACAGC,1,,1.272300167,
Muscle00211,0.438719845,agtagcagcagcgccgggtcccgtgcggaggtgctcctcgcagagttgtttctcgagcagcggcagttctcactacagcgccaggacgagtccggttcgtgttcgtccgcggagatctctctcatctcgctcggctgcgggaaatcgggctgaagcgactgagtccgcgATGGAGAAAACTTTAGAA,3,,2.538442763,
Muscle00212,0.518507961,gtgcgcagcggcgtatgtggggccgtgtgcagacccgcgtgtggcgcaggcaaggaccctcaaaataaacagcctctaccttgcgagccgtcttccccaggcctgcgtccgagtctccgccgctgcgggcccgctccgacgcggaagatctgactgcagccATGAGCAGCAATGAGTGC,3,,3.000098573,
Muscle00213,0.268380026,gctgggggaggagtgcatggggaggggcggccctcaaacgggtcattgccattaatagagacctcaaacaccgcctgctaaaaatacccgactggaggagcataaaagcgcagccgagcccagcgccccgcacttttctgagcagacgtccagagcagagtcagccagcATGACCGAGCGCCGCGTC,2,,1.552852789,
Muscle00214,0.357859757,acaagggcggcacctcccgcgagggcgggcagacagcccctgccagcacccgcctcttccaggtccgcgccaacagcgctggagccacccgggctgttgaggtaatttccaggtcctggaacacagaagggattggcctccctgaaacctcccagctcaatgaccagatctccaggcacaggaacgggggcaggggATGGTGAATGACGGGGTA,2,,2.070584499,
Muscle00215,0.002401968,gcgctttcttaaggcccgcgggcggcgcaggagcggcactcgtggctgtggtggcttcggcagcggcttcagcagatcggcggcatcagcggtagcaccagcactagcagcATGTTGAGCCGGGCAGTG,0,,0.01389784,
Muscle00216,0.012850582,acagtccatttatgggcgcagccgaaggcagatatcagtgtcgatggcattcgctcccagctattcttaggagcctctcaagagctccacgcagcccggctgggcagcaagggacagaacagaggcggccgctgacagcaccagcATGTCTTACAGTGTGACC,0,,0.074353753,
Muscle00217,0.02207024,acctgaccctttttcccttggctctgtcggcagtttctccaggacccagcagtgccctctgtccactgctctgggccattccccaatcccccctcccacttgagcccctaactcagaatctgggacccaggggcccctccctaccccagctaacctcttctggaccaggagagccaacccagatcccactacctccATGAGTGCTACAGACAGG,0,,0.127698899,
Muscle00218,0.008618136,aagcaggaggaggcggagccttcttgtcagcatctgttagtggaggttgggaagcctctcctccttccccctccctctttgcctccacctggctcctccccatgttcgtccatcacccctcccccctttcccaaggacaatctgcaagaaagcagcggcggaggagagctaagactaaaagagtggatcATGACCCATGAAGAGCAC,0,,0.049864726,
Muscle00219,0.003003604,agacttggtatagtgggagagcctgactgaggtggctctagccagtctaattgccgttcctttagctagtggcatcttgattcctgctgtgtcttaactgaccattgtcttaaattctagagtggatcATGACCCATGAAGAGCAC,0,,0.017378919,
Muscle00220,0.003074368,aaggatgtagtgctctggagtgtgagcagctcggggagtggagcggacccaacccaggtcgtggagactgtgggagaagccgaggcccagtgtggcgctgcctgaagagggcggcgccggagaggaggctggatccacgaaggcttcctaaaacctgcccattttacagATGCAGGTGTGGAGTCCC,0,,0.017788361,
Muscle00221,0.015114212,aatatctgtctgtttttgtctacgtgcgtgtcattgtgggtctgtaagggatgcttatacatgagtctgcatgaatttctgtgtcctgtgcctctataactgtcttagagatttcaggagaagaatatgagcggtttttacagagtggatcATGACCCATGAAGAGCAC,0,,0.087451166,
Muscle00222,0.022966026,acggacctaccactggccctgcgtatgtggtgcagcctctcttcaatccctaagaactggttctttcaaagcatgtattttctgaagaaactttagaaccacgtttattttaaaagaacgaattggagaaaacaaatcgattaatgctcacagcttcttgggtgctttctcacgggtaaagccATGGCATCCGTACCTTCC,0,,0.132881936,
Muscle00223,0.017265124,cactggccctgcgtatgtggtgcagcctctcttcaatccctaagaactggttctttcaaagcatgtattttctgaagaaactttagaaccacgtttattttaaaagaacgaattggagaaaacaaatcgattaatgctcacagcttcttgggtgctttctcacgggtaaagccATGGCATCCGTACCTTCC,0,,0.099896391,
Muscle00224,0.000733476,cagtgtgaagaagaggaagatgaagacctttctgatgattcacttctacttaaggcataattaatgctcacagcttcttgggtgctttctcacgggtaaagccATGGCATCCGTACCTTCC,0,,0.004243908,
Muscle00225,0.001650797,atcacggacctaccactggccctgcgtatgtggtgcagcctctcttcaatccctaagaactggttctttcaaagcatgtattttctgaagaaactttagaaccacgtttattttaaaagaacgaattggagaaaacaaatcgattaatgctcacagcttcttgggtgctttctcacgggtaaagccATGGCATCCGTACCTTCC,0,,0.009551548,
Muscle00226,0.038441914,agcactcccggagcctgcaacgcttgagatcctctccgcgcccgccaccccgcagggtgccccgcgccgttcccgccgccccgccgcccccgtcgcgggcccctgcaccccgagcatccgccccgggtggcacgtccccgagcccaccaggccggccccgtctccccatccgtctagtccgctcgcggtgccATGCCATTCCTCGGGCAG,0,,0.222425768,
Muscle00227,0.315138273,acaagaatatatatggccaggcgcagtggctcacgcctgtaatcccagcactttgggaggctgaggcaggcagatcatctgaggtcaggagtttgagaccagcccgatcaacaaggaggatgatATGGATGGAATCCACATT,2,,1.823397044,
Muscle00228,0.008940638,ccctcgcgcctctgcctgagaagccaggcgctgttcccccaccccagaagaggatggcaaaggtggctaaggacctcaacccaggagttaaaaagatgtccctgggccagctgcagtcagcaagaggtgtggcATGTTTGGGATGCAAGGG,0,,0.05173073,
Muscle00229,0.021553835,ctggaaacggagctgggggcaggaaaggccctctgtgtgttctagagtagtcttcaacccctgggtccctctgttccctgcatcttcctgtgctgagagaggaagcctggtgtttgaggcgatgtggggatgtagagacaacttcccagtctcatttcctcatcctgccaggccaccATGGCGGAGCTGCAGGAG,0,,0.124710968,
Muscle00230,0.014937268,gggggtgggggtgccctgctgccccatatatacagcccctgagaccaggtctggctccacagctctgtcctgctctgtgtctttccctgctgctctcaggtcccctgcaggccttggcccctttcctcatctgtagacacacttgagtagcccaggcacagccATGGGAGATTCGGAGATG,0,,0.086427364,
Muscle00231,0.073732296,agtgaaggtggaagcggccgcggcggcagcagaccccagagtcagaaggagtgagaaccctgacccctaatcccactgcatccagccaataggagcccagccaccATGGCGGAGCTGCAGGAG,0,,0.426616702,
Muscle00232,0.255232176,gaccaatgaaagagaggaaacagaagtacccggagggaggtgtttcaggattggctgggacgactgcctgcccgacagggcgtgtttgattggagaacctgccgagtgtagcagtaattggcaagaccgtgcaccaatgggaaggatctgaggctgggcttgcggttaggaggggcactgcaacgcggaggagcaggATGGAGATCCCTGTGCCT,1,,1.476779037,
Muscle00233,0.02429361,tctccccaccccccgcctgcccgcgatcgccctctatttatagcggccccccgcattccccgcccccacctccccgccttgttgtccaacttctcccggagcagccggagagcaggcgtcgggacgcagcaaagagaggagaggccaccATGGCGGAGCTGCAGGAG,0,,0.140563367,
Muscle00234,0.032743404,cggccccccgcattccccgcccccacctccccgccttgttgtccaacttctcccggagcagccggagagcaggcgtcgggacgcagcaaagagaggagagaccccagagtcagaaggagtgagaaccctgacccctaatcccactgcatccagccaataggagcccagccaccATGGCGGAGCTGCAGGAG,0,,0.189454062,
Muscle00235,0.005895501,aagcccgagccggggcgggcccgagtcaaaggcaagtgaaggtggaagcggccgcggcggcagcagaccccagagtcagaaggagtgagaaccctgacccctaatcccactgcatccagccaataggagcccagccaccATGGCGGAGCTGCAGGAG,0,,0.0341115,
Muscle00236,0.082087578,cggccccccgcattccccgcccccacctccccgccttgttgtccaacttctcccggagcagccggagagcaggcgtcgggacgcagcaaagagaggagaggccaccATGGCGGAGCTGCAGGAG,0,,0.474960549,
Muscle00237,0.034374512,attgaccccagagtccctgttggccatcctctccccaccccccgcctgcccgcgatcgccctctatttatagcggccccccgcattccccgcccccacctccccgccttgttgtccaacttctcccggagcagccggagagcaggcgtcgggacgcagcaaagagaggagaggccaccATGGCGGAGCTGCAGGAG,0,,0.19889169,
Muscle00238,0.004658061,gagagcattgatgaggtcaggaagcctcctgttgggtagaggagcaactaagagactgaacttggcccccaccctgaggctcacaagcttgaattgcacctgagttccaaaggagaagttgacattcttccagaacatatgcccagtgtcttcaacttgagatggagctgggatgccaagtctgcaaatactgcgccATGGGGCTCAGCGACGGG,0,,0.026951644,
Muscle00239,0.029934815,gttcccccaggagaacaatgatggggtggagggagctggaaagaccatattaggaacaaaaggtggagctatgagcacagataaagactcaagtctggggacctcctggtcactcaggcagcagccccttctttcttgccccagtctccagttctccagtgttcacaggtgagcctaccaacagccactgctcATGATGGAGGCCATCAAG,0,,0.173203504,
Muscle00240,0.142298654,atcactcctagctgctcagcaaaccactgaggttcctgggaaaaaaaaaaaaatatctcaagggtgtgttaacttgggacactcgttaactgggggaccttcttgaggcttttttccttctttttaaaaatcatctttgattattcttcttttctagtaaaataatatttagaaaaaataATGTCAGAGCACAGCAGA,1,,0.823343171,
Muscle00241,0.003643344,gacatagcaagacctctgttccactgtgcaccactttatttgcttccacactcaccttgtagggaagaggcagaccctaagagcttgatttctaccttcaagtgaattctttacttcagaaacaactcaggttgctggttggatttcccttctgaaatatttaaaataatatttagaaaaaataATGTCAGAGCACAGCAGA,0,,0.021080469,
Muscle00242,0.042920822,aatatagatccggcaagagcttagctgtgatcactcctagctgctcagcaaaccactgaggttcctgggaaaaaaaaaaaaatatctcaaggtaaaataatatttagaaaaaataATGTCAGAGCACAGCAGA,0,,0.248340829,
Muscle00243,0.104359833,aagtgaaggtggaagcggccgcggcggcagcaggtctgtctcccatgtcattcacctcgttgctgtgttttctcagaccccagagtcagaaggagtgagaaccctgacccctaatcccactgcatccagccaataggagcccagccaccATGGCGGAGCTGCAGGAG,1,,0.603828311,
Muscle00244,0.643595864,acctccccgccttgttgtccaacttctcccggagcagccggagagcaggcgtcgggacgcagcaaagagaggagagaccccagagtcagaaggagtgagaaccctgacccctaatcccactgcatccagccaataggagcccagtaagtgaccccaccccgcaggctgcaggctccttcctgtgcaggccaccATGGCGGAGCTGCAGGAG,4,,3.723859957,
Muscle00245,0.160857287,gagcatgttggcctggtcctttgctaggtactgtagagcaggtgagagagtgagggggaaggactccaaattagaccagttcttagccatgaagcagagactctgaagccagactacctgggtcccaatcttgggcttggtatttcctcgctgtgtgactctggactgcgccATGGGGCTCAGCGACGGG,1,,0.930723834,
Muscle00246,0.366647521,gattagaccctccctggatgagagagagaaagtgaaggagggcaggggagggggacagcgagccattgagcgatctttgtcaagcatcccagaaggtataaaaacgcccttgggaccaggcagcctcaaaccccagctgttggggccaggacacccagtgagcccatacttgctctttttgtcttcttcagactgcgccATGGGGCTCAGCGACGGG,2,,2.121430696,
Muscle00247,0.223226534,aatggcacctgccctaaaatagcttcccatgtgagggctagagaaaggaaaagattagaccctccctggatgagagagagaaagtgaaggagggcaggggagggggacagcgagccattgagcgatctttgtcaagcatcccagaagactgcgccATGGGGCTCAGCGACGGG,1,,1.291593681,
Muscle00248,0.004419397,gcacagagctccctcccaggcccgcgaacttggccattcagccgccgctgtccccgctgcgcgccctcgcgcctctgcctgagaagccaggcgctgttcccccaccccagaagaggatggcaaaggtggctaaggacctcaacccaggagttaaaaagatggtgatcacATGGGATATACATATAAA,0,,0.025570729,
Muscle00249,0.024773386,acagagctccctcccaggcccgcgaacttggccattcagccgccgctgtccccgctgcgcgccctcgcgcctctgcctgagaagccaggcgctgttcccccaccccagaagaggATGGCAAAGGTGGCTAAG,0,,0.143339361,
Muscle00250,0.425817962,gaaaggaagggtgagttctgactgggggacacgagtccctgtctgattctattgttgaggtgatgtgggttctctttagataaatcttgcttccagccactgtttcagttcgaggacATGCAGGAAATCATTCAG,2,,2.463792181,
Muscle00251,0.047937581,ggccaccggaattaacccttcagggctgggggccgcgctatgccccgccccctccccagccccagacacggaccccgcaggagatgggtgcccccatccgcacactgtcctttggccaccggacatcATGCCTCCCAAGAAGGAT,0,,0.277367908,
Muscle00252,0.015816285,aggcggcgcgtggccggcaggcggcgctgcccggctcggcctcggcctgcacggcggctgcggcggcggtagcggcagcggcggcggcggcggcggcggcggcggcggcggcggcggcggcggcggcagcggcggcggcctgggcccgggcgcagcggcggcggcggcggggcctggagccggatctaagATGGCAGCGGCGGCGGCG,0,,0.091513376,
Muscle00253,0.095190697,aggccgcggaggcggaggccgaggccccggcgcagcggggcgcgccccgggcccaggcccggccccagccgccgctgcggagcccgccgggaccccccggagcgcggccacggcgcagccgctgccATGGCCCAGACACTGCAG,1,,0.550775486,
Muscle00254,0.001919085,gggcgggcggacagactgcgggacggacggtggacgctgggacgcgtttgtagctccggccccgccgttccgacccccgccgccgtcgccgccatgacggggctagcactgctctactccggggtcttcgtggccttctgggcctgcgcgctggccgtgggttcctgacggagacttcgcccttcATGTGGTCCAACCTGGGC,0,,0.011103868,
Muscle00255,0.000353073,ctgctgctgcctcccagggcgctggttcacagcacggtcccagcagggagaggctgagccggttggactagaccacccaaggtctcaggttgcagctccctggtgaggcggaaccaaccctcctggccATGGGAGGGGCCGTGGTG,0,,0.002042888,
Muscle00256,0.000546622,gaccgaagaggctggtaagtcctcaagctggcaggtggtcgggggagcggccggagaggagctgccgggagttcgtgccctgcaggacatgacaccagtggcatatcacggccATGGGGTCTCAGCATTCC,0,,0.003162767,
Muscle00257,0.002156463,cgcttcccctcggctttcttctcgtcggtgttcccggctgctatagagccgggtgagagagcgagcgcccgtcggcgggtgtcgagggcgggttgcctcgcgctgacccttcccgccctccttctcgtcacacaccaggtccccgcggaagccgcggtgtcggcgccATGGCGGAGCTGACGGCT,0,,0.012477343,
Muscle00258,0.011129734,ccgcagcgcgccgcaggaccgggccgctgagcctgcagccgccccgcgccgtgacctgcgaccctagaccccgactccctttggctcagcccgcgcgccccaggcccggcccgggcggcgcgacgggaggATGAGCGGCGGGCGGCGG,0,,0.064396888,
Muscle00259,0.003745594,cggtgttcccggctgctatagagccgggtgagagagcgagcgcccgtcggcgggtgtcgagggcgggttgcctcgcgctgacccttcccgccctccttctcgtcacacaccaggtccccgcggaagccgcggtgtcggcgccATGGCGGAGCTGACGGCT,0,,0.02167209,
Muscle00260,0.090629321,cggaagtgtccgcacgtcgggcctccgaggcttctctttctcccctggcggtccggctctcgatggtggcgtgacgggggcgggggtggcggcgcgttctcctcggttgggagggaaccagcccgcgaacccaggccgggaggggggttcggcctgggggggaagggactgacATGTCTCTCGAAGACCCC,1,,0.524383263,
Muscle00261,0.143775129,cttcccccgtaaggaaatggccggggagctccaggggacccaggcgccgtcgcttcggcggagcctgggctgaccagccaggacagcggggtaaacccgaacaattctgcgcgaggtagggaggccATGGCGTCCGGCAGTAAC,1,,0.831886088,
Muscle00262,0.15526483,tcaaagcacctgcagccccaatttgtgatccagcagcagccacagccacaacagcagcagccgccgccccagcagtcacggcctgtgctccaagctgagccccacccccagctcgcctcagtctctccaagcgtggccctccagcccagctcagaggcccatgccATGCCACTAGGCCCGGTT,1,,0.898365753,
Muscle00263,0.105748888,gtatcctttgggtgcagtgagacaccaggagagctgctgctttgggggatggacaggggcagcaggaatgcctttgtgttttcgcagtgaacctccttggcctgggcgaagctgtgtggaccaagcaagtcaggagtgtggccATGTTTTCTGAGCAGGCT,1,,0.611865414,
Muscle00264,0.083113176,gaggtaccagattcagcccatttggccccgacgcctctgttctcggaatccgggtgctgcggattgaggtcccggttcctaacggcttcctgcttttccgaagccttccccgacataccttcggactagtgcagagcaaactcttccccttctacttccacatctccATGGGCTGTGCCTTCATC,0,,0.480894681,
Muscle00265,0.123986927,gcctcttcctctgccccgcttcggccgcctcccgcctctcagggtcggggttgtctgtccccttcgctgtcacatcctccgcacccagcgcttggaaggtgctccatcacggtgacagacaggggatcttctctggatcaagcaatggtggtgaaaaATGTTTCGCAAGGGCAAA,1,,0.717391112,
Muscle00266,0.023213656,agtagctgcctgggcgccaaaggccgcggcactcccacgcggaccccgaagtccgcaacccggggatgggcccgcggctgcgaggggatcttctctggatcaagcaatggtggtgaaaaATGTTTCGCAAGGGCAAA,0,,0.134314729,
Muscle00267,0.012923766,atgacgccacggacatggtggccgagaccggcggggtgggggacgtgtcgcgcggccgggtggcctcggtcggtaccctgggcgcggagcagctgcctcattagtattcgtacccacgaggcggcgcagcgggccctcggggacagcgagcgtcgcggccATGGCTTATCACTCGGGC,0,,0.074777197,
Muscle00268,0.092470316,ggcggcggcggcggcggcagctgcttgggcgcggtgcggtggtgactgagctacgagcctggcggcgggtgtgcgccgagccccggcccggcccggccctcgcgtgcctcccaggctccgcacccctgatgctgcgcgggtgctgagcccgcttcggccgggacgATGGTGAAGTATTTCCTG,1,,0.535035301,
Muscle00269,0.010511171,cccgacccgcgacgccccgactccgcgaaggcctccctgggaggctggggaagcgtcgggggatctctcagcgcagctctggggcccagatttctgcgcccgtcgtgcggtggccagagagggacagcgcagcgcggagacgcggagacgcagagactccgcagggggagagcccgcggtaagccaagATGGGTGCATACAAGTAC,0,,0.060817869,
Muscle00270,0.229894826,gaggtcttgaggctatcagatcggtatggcattggcgtccgggcccgcaaggcgggcgctagctggctccgggcagctcggccttgggggcttcggggccccgagacgcggggcgtATGAGTGGGGCGTGCGCT,1,,1.330176567,
Muscle00271,0.086762753,ctcctaggctcgtggccctaggcgcggcagctgacacgtaagtctcgtcgcccgacgttgtttcggcgctcagaaacaacgtaaagtaaaggggcggggcagcgttttacaaaccgaaccgtgaatctttgcggtttctctttccagccagcgccgagcgATGGGCATCTCTCGGGAC,1,,0.502011215,
Muscle00272,0.069213726,cgaactccgccccctcttctccgcgtaggcccagctccctgaagcggctgtttcgagccacgcgcccatcgggtaccgaggcacgcgccgggcgtcacgtgcgtttcgcggcgagcggaaatgacgcgagttgtgtgagccgccagtatggccgggctATGGCGGCGAGCACTGGC,0,,0.400472155,
Muscle00273,0.001968948,gtggccgagaccggcggggtgggggacgtgtcgcgcggccgggtggcctcggtcggtaccctgggcgcggagcagctgcctcattagtattcgtacccacgaggcggcgcagcgggccctcggggacagcgagcgtcgcggccATGGCTTATCACTCGGGC,0,,0.011392377,
Muscle00274,0.100983483,gtcttctgtttcgtcctcgctttccggctgctgtttctccacggctctcctctttccccctcccttctctcccgggcggcttactttgcggcagcgccgagaaccccaccccctttctttgcggaatcaccATGGCGGCTGGGACCCTG,1,,0.584292674,
Muscle00275,0.058724173,acgtgggcgccggcagcgcgactctcggccctgggatttctgcggccgccagctcccgcgaccgcctctcctgcccctcgccggtacctcagcaaggtgcgttgccgccaggtgccactagaagcgccaggctggggccgcctctgagcgccccgcgggggccATGGATGGTGAAACAGCA,0,,0.339779369,
Muscle00276,0.020359694,agtatggccgggctatggcggcgagcactggctacgtgcgactgtggggagcggcgcggtgctgggtgctgcggcggccgatgctggccgccgccggggggcggcgcgggcgccggggaaggcccggtcataacggcgctcacgcccATGACGATCCCCGATGTG,0,,0.117801641,
Muscle00277,0.003384625,cggaagttcagggagggcgaggccgtgccccacatccaggcagcgcaggccgcgggccgctcccctagccaggaagagccgccgtccgcaccgggaccggagaggaagcggaggtgaggcggaaccaaccctcctggccATGGGAGGGGCCGTGGTG,0,,0.019583515,
Muscle00278,0.002761204,ggccactgcacggacccagggaacgggctgacagtccagcagaggcctcagcgaggcggcggcgctgcgcacaaacctgaggacctaggcgggtgaggcggaaccaaccctcctggccATGGGAGGGGCCGTGGTG,0,,0.015976388,
Muscle00279,0.01446711,ggagcggaccggcagaggcgggcagaggcggcgagaggcggcgagaggcgggctgaggcggcccagcggcggcaggtgaggcggaaccaaccctcctggccATGGGAGGGGCCGTGGTG,0,,0.08370702,
Muscle00280,0.00832084,attctcccggctggtttttctgcagaactgtccccaccatctgacctgccaggaattcagcttgtgaatttgtctctgtctgtctccaggcaccaccaccagggcagggacccacccccgccccgccccaccccagggccctggagcagcggggcctggcacacagtaggcgttctataaATGTGTCACAAGAATGGC,0,,0.048144565,
Muscle00281,0.00286467,acgcgcttccctgccactgggttagggaaggcttgccggaaggacgatttcggaggacagcaggtgttagccaggcagcggagcgagcgccaacaggcgcactggggcggagagacgccgtgagcaaggttcctgacggagacttcgcccttcATGTGGTCCAACCTGGGC,0,,0.016575044,
Muscle00282,0.076755375,ggggagggaggcgggaagagcgcggcacttccgctggccgctggctcgctggccgctcctggaggcggcggcgggagcgcagggggcgcgcggcccggggactcgcattccccggttccccctccaccccacgcggcctggaccATGGACGCCAGATGGTGG,0,,0.444108304,
Muscle00283,0.141345218,gggtgggcagggcgaagactgaagcgagaagggcagcgcgaggtgggcgactaccagagcgaagcgagcggcgtgtaagcggggtgaagacaacgccaggttaaaaattttgcagttatttatcttgtggatattacagaagtgcctgacttcaacaaaATGTATGAGTTATACGAT,1,,0.817826569,
Muscle00284,0.044521018,gcgaagcgagcggcgtgtaagcggggtgaagacaacgccagtcctgaccttggaaggaggatacccaccactggaggctggagccactggaaagaggcgttaaaaattttgcagttatttatcttgtggatattacagaagtgcctgacttcaacaaaATGTATGAGTTATACGAT,0,,0.257599599,
Muscle00285,0.005525984,gaagagccaatggcaggcgcgggggatgacgccacggacatggtggccgagaccggcggggtgggggacgtgtcgcgcggccgggtggcctcggtcggtaccctgggcgcggagcagctgcctcattagtattcgtacccacgaggcggcgcagcgggccctcggggacagcgagcgtcgcggccATGGCTTATCACTCGGGC,0,,0.031973466,
Muscle00286,0.011173357,gccggggactgaaggtgtgggtgtcgagccctctggcagagggttaacctgggtcaaatgcacggattctcacctcgtacagttacgctctcccgcggcacgtccgcgaggacttgaagtcctgagcgctcaagtttgtccgtaggtcgagagaaggccATGGAGGTGCCGCCACCG,0,,0.064649292,
Muscle00287,0.059391038,gcgtgggctgacgcctcgctcaatttctcacagggctgcgcaggtttcccccgtctgcgaatggaccactggaggggttcaaaggttcgcgtcccagtacgggaATGAGCCTCTTTGATCTC,0,,0.343637864,
Muscle00288,0.110820591,ggggtattgactgaggcggccaagcggctccgggacagggggtacggggggtgggggcgggtggttgcctgcgggaggccgccgcgggtcatgtgaccggaagggctcctcacggacgccgtccctcctcggcgcggcctgagcgcccggcccgaccccggccATGGGGTGCTGCTACAGC,1,,0.6412104,
Muscle00289,0.003801066,gtccgggcggttgaaatgaaagaggcaaggtgaagccgggcgcggtggctcatctgtcatcccaacgcttagggaggccgaggcgggaggattgctctaggccaggagttcaagaccagcctgggcaacatagcgagccctgtctctacaaaaaatactaaaaaaaaaaaaaaaattaggccggtcgcggtggctcATGCTTGTAATCCCAGCA,0,,0.021993052,
Muscle00290,0.035361128,ggcacttccgcccatccccctccggatccctctgttcgggctcgggtttccgccgagacgacagggactgccaggtcggaagtagtgtgaggctcgtgggcggagccaagcgccgccATGTCCGCCGCCCTGCTG,0,,0.204600272,
Muscle00291,0.000701657,ctgcggccgccagctcccgcgaccgcctctcctgcccctcgccggtacctcagcaaggtgccactagaagcgccaggctggggccgcctctgagcgccccgcgggggccATGGATGGTGAAACAGCA,0,,0.004059803,
Muscle00292,0.101943045,gcagaatcctggcttccttccggatgggcctggggtccatgcccgcgctcactgccaagatctttctggcccctacggacacgagtttgcgacctctgagtcactgggtgggcgcgtcggaaagaccagggcgcctcagtctggagctcgcagtccccgcggcgccATGGCTCACGTCGGCTCC,1,,0.589844722,
Muscle00293,0.111152711,ctgaaggtgtgggtgtcgagccctctggcagagggttaacctgggtcaaatgcacggattctcacctcgtacagttacgctctcccgcggcacgtccgcgaggacttgaagtcctgagcgctcaagtttgtccgtaggtcgagagaaggccATGGAGGTGCCGCCACCG,1,,0.643132053,
Muscle00294,0.050797376,gggcgggacaatagcggccgcggcgccccactcggcagaactccgccaccaggcgcgatgccggaactacatgtcccatgacgctctgggaggccgcagctttccaccggaaagagggtaagccaagATGGGTGCATACAAGTAC,0,,0.293914745,
Muscle00295,0.171412881,attgtgtctctgtgtgggagagaactggctgaagaggaagaggagcaggacttggatggtgagaaggggccatcatcggaagggcctgaggaggaggacggagaaggcttctccttcaaatacagccccgggaagctgaggggaaaccagtacaagaagATGATGACCAAAGAGGAG,1,,0.991798735,
Muscle00296,0.02086402,gctggaaggcgtcgttctcctttcccagctctcctgcctgtccgccatgttttcaggccgggtctggcttggtcttcccccgtaaggaaatggccggggagctccaggggacccaggcgccgtcgcttcggcggagcctgggctgaccagccaggacagcggggtaaacccgaacaattctgcgcgaggtagggaggccATGGCGTCCGGCAGTAAC,0,,0.120719683,
Muscle00297,0.000461959,gtgcgggcgagcgcgggtccccgggtctgacaggagcagcctgtgggcaccgcggcggtagttggaggcgggagagggtccgtagccgcgccgccctgccccgccATGGGCCTCCTGTCGGAC,0,,0.002672905,
Muscle00298,0.005376563,aaagcgaggccggggactgaaggtgtgggtgtcgagccctctggcagagggttaacctgggtcaaatgcacggattctcacctcgtacagttacgctctcccgcggcacgtccgcgaggacttgaagtcctgagcgctcaagtttgtccgtaggtcgagagaaggccATGGAGGTGCCGCCACCG,0,,0.031108913,
Muscle00299,0.121184664,ggcgcgcctcaggacttcgggtcccctcaccccgggcggatgcccaaagactccgccttcccaagagcccctgcggccgggcgcgaaaatggcggcggcggcgacggccgggcgctcctgaagcagcagttATGGAGCTTCCCTCAGGG,1,,0.701177156,
Muscle00300,0.059873161,ggcggcggcggcggcggcagcagtagcagcaatatggctgttgatgggtgtttggggtggcgctggcggcgggaggagctcccccgagcccctgcgccggctgcccgttgctagctATGGCAAATGGTGGCGGC,0,,0.346427439,
Muscle00301,0.015353552,ttcagaagggtgaagtggctctcccatggtcaaacagcctacctctctgcgtttcttcaataaatctacatttggagttgggatcagagctcttgctgggtcaatttcactgtgcagcggaggaggagaaagagATGGACCTCCCGGACTCG,0,,0.088835993,
Muscle00302,0.105611004,caggaacagttgttatcccattgtaaagatgaggcaactgaggcgcatcgacagtaactcttactcaaggccacagtttaatccagtgcctggcatctgtagttattgtctcagaccctgccctgactcggttccctcacagcaggATGGAACCAGGTGAGGAG,1,,0.611067614,
Muscle00303,0.073110361,ggccatgccgggggcgggcccggaaccgccacggctagaagaagtcttcacttcccaggagagccaaagcgtgtctggccctaggtgggaaaagaactggctgtgacctttgccctgacctggaagggcccagccttgggctgaATGGCAGCACCCACGCCC,0,,0.423018172,
Muscle00304,0.182737975,caccaccgcccctgccgccatcgccacctccgccgctgccgccttggggccctcctccttcaccgcccccttcaccacctctacacgttctaggccttctgtcctggagaagaagctatagtcgttctcccttgtgggcccggggcgcagccATGGCGGACGGCGGCGGC,1,,1.05732598,
Muscle00305,0.052925151,agttcagggagggcgaggccgtgccccacatccaggcagcgcaggccgcgggccgctcccctagccaggaagagccgccgtccgcaccgggaccggagaggaagcggaggtctgaagggggacaggtgaggcggaaccaaccctcctggccATGGGAGGGGCCGTGGTG,0,,0.306226099,
Muscle00306,0.154974497,gctttccggtagcgtgggctgacgcctcgctcaatttctcacagggctgcgcaggtttcccccgtctgcgaatggaccactggaggggttcaaaggttcgcgtcccagtacgggaATGAGCCTCTTTGATCTC,1,,0.89668588,
Muscle00307,0.019769942,agtcagttaggtaacaggccacgggccccgggctcaggccactgcacggacccagggaacgggctgacagtccagcagaggcctcagcgaggcggcggcgctgcgcacaaacctgaggacctaggcgggtgaggcggaaccaaccctcctggccATGGGAGGGGCCGTGGTG,0,,0.114389323,
Muscle00308,0.18089822,gggtccatgcccgcgctcactgccaagatctttctggcccctacggacacgagtttgcgacctctgagtcactgggtgggcgcgtcggaaagaccagggcgcctcagtctggagctcgcagtccccgcggcgccATGGCTCACGTCGGCTCC,1,,1.046681117,
Muscle00309,0.059912803,gacttaacgcacgcaagcggctccagggtacgtccccgccacgcgcgctcgcaggatcggtgcgtggtgacgtttcgccggcgcgggcgccatcccggaagcgcgagcaaggccgccagatgtgcaggcagcggaggaggagaaagagATGGACCTCCCGGACTCG,0,,0.346656808,
Muscle00310,0.369067669,ttcccagctctcctgcctgtccgccatgttttcaggccgggtctggcttggtcttcccccgtaaggaaatggccggggagctccaggggacccaggcgccgtcgcttcggcggagcctgggctgaccagccaggacagcggggtaaacccgaacaattctgcgcgaggtagggaggccATGGCGTCCGGCAGTAAC,2,,2.135433726,
Muscle00311,0.001885435,cgcggagccacctggggaaacggaagttcagggagggcgaggccgtgccccacatccaggcagcgcaggccgcgggccgctcccctagccaggaagagccgccgtccgcaccgggaccggagaggaagcggaggtgaggcggaaccaaccctcctggccATGGGAGGGGCCGTGGTG,0,,0.010909169,
Muscle00312,0.006835944,acatgcgcgccgtcgcgagcgtctctgggaccggaagtgcgggcgagcgcgggtccccgggtctgacaggagcagcctgtgggcaccgcggcggtagttggaggcgggagagggtccgtagccgcgccgccctgccccgccATGGGCCTCCTGTCGGAC,0,,0.039552924,
Muscle00313,0.006008817,attttgagccgctgccgccattggagtgggccccccccctttcccccttcgcctcctgacaggaaaggtttaagggggacagagccctgggaggccgggccgggctcgggggccaccccgggggcccgggccATGGATGTGCGCCGTCTG,0,,0.034767149,
Muscle00314,0.000622926,gcggacgtgggcaggagggctggaaaagccggcgctggagcgggaacgggagtagctgcctgggcgccaaaggccgcggcactcccacgcggaccccgaagtccgcaacccggggatgggcccgcggctgcgaggggatcttctctggatcaagcaatggtggtgaaaaATGTTTCGCAAGGGCAAA,0,,0.003604264,
Muscle00315,0.267147332,gcggatgtctgtttcctgggatattgtgagggcgggcggagatgtagacccggtagtgttgtgccttgtggtgacaactggcggcagcgcgccgcgggcccgagacttagtctcgggccgccATGGCCAGCGTCCACGAG,2,,1.545720394,
Muscle00316,0.082620528,cggacgaggcacgagtgaggggggaggcggtggcggcggccattttgagccgctgccgccattggagtgggccccccccctttcccccttcgcctcctgacaggaaaggtttaagggggacagagccctgggaggccgggccgggctcgggggccaccccgggggcccgggccATGGATGTGCGCCGTCTG,0,,0.478044209,
Muscle00317,0.005325777,agagcccctttcctcagctgccgccaaggtgctcggtccttccgaggaagctaaggctgcgttggggtgaggccctcacttcatccggcgactagcaccgcgtccggcagcgccagccctacactcgcccgcgccATGGCCTCTGTCTCCGAG,0,,0.030815064,
Muscle00318,0.010943279,agttgtgcctagggagaccagttttctgccgaattgcctaggagctgtggggagatgggcctgaatggacccgtggactcagaggcagcccgtggagccccgtgggaaatccttcatgatgagagatttggggacacttctctctcctgtgtgtagttgatagtttggtggtgaagagATGGCTGACAGTGTCAAA,0,,0.063318055,
Muscle00319,0.090445482,aataggcaactccggccttccctgccctgacctggaacctctgggagggctgcagatatcttccccatataccaagagcacaggtggaaaaggccggcaccacatggaatgagggcaagcgctgtgccgggaagttggatgggcagagcctgggagaaatgttttctgaATGGCCTGGGGCTGGCAT,1,,0.523319567,
Muscle00320,0.258192938,cggggcggatgcggggacagcggcctggctaactcctgccaggcagtgcccttcccggagcgtgccctcgccgctggtacggctcctacctggtctggaaagagctgggaggcttcacagagaaggctgtggttcccctgggcctctacactgggcagctggccctgaactgggcATGGCCCCCCATCTTCTT,1,,1.493910071,
Muscle00321,0.009361452,gagcgctctggagggcgtggccgtgggaaaggaggcgcggaaagccgacgcgcgtccattggtcggctggacgaggggaggagccgctggctcccagccccgccgcgATGAGCCTCGGCCGCCTT,0,,0.054165569,
Muscle00322,0.008970318,cgatcccttcctgcctcagggtcccgggctcagcctcccgtccacgctccctgctcagcttcctttgccttgcagtgcgcgtcccgggacgactggcgctgtgcgcgctccATGCACGAGTTTTCCGCC,0,,0.051902459,
Muscle00323,0.054440522,gttttccgtttgggttggggagggtctcgaaaatggggatcctagggtacggagctccgtgggcttggcggtcgtgctagcccagcgtgtgggctggggggtggggagccgtgtttccagggtggggaaggaatgtccaggtgtgcggggctgcgagagttctgaggaaggaggatcctggaatatgccgctggATGCGATCCTGGGCGTTC,0,,0.314994069,
Muscle00324,0.129703301,agtgtcaggatcgcgggcttgctttccggtagcgtgggctgacgcctcgctcaatttctcacagggctgcgcaggtttcccccgtctgcgaatggaccactggaggggttcaaaggttcgcgtcccagtacgggaATGAGCCTCTTTGATCTC,1,,0.750466179,
Muscle00325,0.048471732,gagaaggcgcggggcgggctgtccggcccgcagggcggtcgaggtgggaacggagcagccccgggggcccccttgaggcggcgaggccgcgaagggcgcggggctggaggcccgcggcgccATGGCTCACGTCGGCTCC,0,,0.280458517,
Muscle00326,0.219014376,tggacacataagaggctgcgtataggcgcgagagcccctttcctcagctgccgccaaggtgctcggtccttccgaggaagctaaggctgcgttggggtgaggccctcacttcatccggcgactagcaccgcgtccggcagcgccagccctacactcgcccgcgccATGGCCTCTGTCTCCGAG,1,,1.267222042,
Muscle00327,0.062749591,ctctgggcttccgtcctccgcccgcgcccgacggagcctgttcgcgtcgactgcccagagtccgcgaatcctccgctccgagcccgtccggactcccccgatcccagctttctctcctttgaaaacactaagaataATGTCACTGCATCAGTTT,0,,0.363070527,
Muscle00328,0.003295852,cccgagcggatcgcgggctcgggctgcggggctccggctgcgggcgctgggccgcgaggcgcggagcttgggagcggagcccaggccgtgccgcgcggcgccATGAAGGGCAAGGAGGAG,0,,0.019069873,
