geneName,bin1,TE,seq,bin,avg,TE2,min
ENST00000331789.5,1,8.90886E-05,agtggaggagctgctgctggtgctggggccggaggagggacgcgccggagcgggaccgacgggaccgagcgagcgaccgacgcgccacccgccgacgcctcagccgcttggggcccgcacggaccctctacttcagtgtagaATGAGCCAAGGAGACTCA,0,0.209592343,0.000425056,0.000425056
ENST00000340398.3,1,9.10787E-05,cagtccagccctaggttctcctgaatcctgcggtcccagcgtcgctccggacgctgccaacctgttctccaccgtcgctcgacttccacctctaagactcccacaactcaagacATGGCTGCCCAGTGTGTC,0,,0.000434551,
ENST00000375167.1,1,0.000109496,gtgcggacgcagttgcgtgaggggtttgtactatcctcggtgctgtggtgcagagctagttcctctccagctcagccgcgtaggttgaattgaccaaagcaATGGTGATGGAGAAGCCT,0,,0.000522425,
ENST00000530167.1,1,0.000177822,gcgcgtcgcagaagcgccttcggttttgcagagagcaaagagggagcagcgagtgcacggagtggtagtaacaaccaatgttctttccacgccctcactgtgtgtccggcactgtgcggagccacttttctgcctttcatttgattcttgcagtgagctggcgaggttgaattgaccaaagcaATGGTGATGGAGAAGCCT,0,,0.00084842,
ENST00000298049.7,1,0.000194214,gcggtggccgaggcctcttggttctgcggcacgtgacggtcgggccgcctccgcctctctctttactgcggcgcggggcaaggtgtgcgggcgggaaggggcacgggcacccccgcggtccccgggaggctagagatcATGGAAGGGAAGTGGTTG,0,,0.000926628,
ENST00000217182.3,1,0.000220078,cagattctctttgttccgcagccatttcaggccccggacaggaggcagtgccgcttcggccgaaggcccgagcgcccgaggcgtctgggatggtgtgggaccggcaaaccaagATGGAGTATGAGTGGAAA,0,,0.001050029,
ENST00000432588.1,1,0.000440521,aagcggccgcccggcgcggcgcggcgcagtcggctcgagtactccccgtaacgaggaggtgttctcggccgtcccacccttcactgccgtctccgggctgcgccgccggagccgggacgcgcctccgcagccctcgccgcctccatccccgcggccgcagctcctctcgccgtccgcgcgcacaccATGACGAAGAACGAGAAG,0,,0.002101799,
ENST00000431914.1,2,0.000711174,gaatcctgcggtcccagcgtcgctccggacgctgccaacctgttctccaccgtcgctcgacttccacctctaagactcccacgtgagtgcgggcgtctcccagttcctgggccggaaactcaggttgaataattcatcaaattacacaactgaactcaagacATGGCTGCCCAGTGTGTC,0,,0.003393129,
ENST00000590375.1,1,0.000805038,ctccaccgtcgctcgacttccacctctaagactcccacgaaactcaggttgaataattcatcaaattacacaactgctaattaactattaattagaggctttagtgctctgaagggattttggcataaaggggaaaatacctgggtttatgctgtggtggtgacacttactagctttgtgatcccataactcaagacATGGCTGCCCAGTGTGTC,0,,0.00384097,
ENST00000373336.3,1,0.001010395,cctggcccctggagcctccgcccccgacccgagctctttcgtctgcctgccagtttcctgcgtccccggagaggatcctgctgagcccagcctcccccctccccttctcctcctctcccttggagagcccgggcagccactgccccgcagccccagtgacaggaggagaccataacccccgacagcgccATGGCCCAGATTCTGCCA,0,,0.004820763,
ENST00000278193.2,1,0.001688933,aggtgcagctgccggatccttcagcgtctgcatctcggcgtcgccccgcgtaccgtcgcccggctctccgccgctctcccggggtttcggggcacttgggtcccacagtctggtcctgcttcaccttcccctgacctgagtagtcgccATGGCACAGGTTCTCAGA,0,,0.008058179,
ENST00000252699.2,1,0.001707479,ctcactctatcacctaggttggagtgcagtggcacaatctcagccgactgcaacctccacatcccaggctccagcaatcctgctacctcagcctcctgagtagctgggaccatacgccaccatgcccagtccgggaccATGTCTGGAGAACTACCA,0,,0.008146666,
ENST00000405570.1,1,0.00204353,gttctgcggcacgtgacggtcgggccgcctccgcctctctctttactgcggcgcggggcaaggtgtgcgggcgggaaggggcacgggcacccccgcggtccccgggaggctagagatcATGGAAGGGAAGTGGTTG,0,,0.009750023,
ENST00000589772.1,2,0.00242372,cttgctctgccagtccagccctaggttctcctgaatcctgcggtcccagcgtcgctccggacgctgccaacctgttctccaccgtcgctcgacttccacctctaagactcccacgaaactcaggttgaataattcatcaaattacacaactgaactcaagacATGGCTGCCCAGTGTGTC,0,,0.011563974,
ENST00000441615.2,1,0.002636325,gcgcccgccaagaagcgcctggcggaagggcgcactctcaggccttccaccggcgaccttccggcgggagcctgcgggcggcgcaggaacgaccctccttcctctgccccgcagcagtgctgagtaatggtgagagcagcaaggcccttggccgccgcacgttgaattgaccaaagcaATGGTGATGGAGAAGCCT,0,,0.012578345,
ENST00000296666.8,1,0.002656923,ttatatagaccggcggcggagcacgcgtgtgtgcggacgcagttgcgtgaggggtttgtactatcctcggtgctgtggtgcagagctagttcctctccagctcagccgcgtaggtttggacatatttgactcttttccccccaggttgaattgaccaaagcaATGGTGATGGAGAAGCCT,0,,0.012676624,
ENST00000354725.3,2,0.002782263,aaatcgcgccggccggctgcacgagccacacggtctttgagctgagtcgaggtggaccctttgaacgcagtcgccctacagccgctgattccccccgcatcgcctcccgtggaagcccaggcccgcttcgcagctttctccctttgtctcataaccATGTCCACCAACGAGAAT,0,,0.013274642,
ENST00000472031.1,1,0.003576262,gtgcggacgcagttgcgtgaggggtttgtactatcctcggtgctgtggtgcagagctagttcctctccagctcagccgcgtaggtttggacatatttgactcttttccccccaggttgaattgaccaaagcaATGGTGATGGAGAAGCCT,0,,0.017062941,
ENST00000439822.2,1,0.003591322,ggagggttcgaattgcaacggcagctgccgggcgtatgtgttggtgctagaggcagctgcagggtctcgctgggggccgctcgggaccaattttgaagaggtacttggccacgacttattttcacctccgacctttccttccaggcggtgagactctggactgagagtggctttcacaATGGAAGGGATCAGTAAT,0,,0.017134795,
ENST00000434819.2,1,0.003641879,cggggctgtccaggcacgcgaggcccctcaggtacgccctctcttccctgcaggatccggccctcaaagacgagggtcacgcacgcgttacaaccccgaaacagtagcacaagatttaatttttaaaagagcgtgtttcttcggggcttgccgttcgttcgtttccagcctcaggaatttatggtcgcctttttgaATGAGCAACAAAATGCTT,0,,0.01737601,
ENST00000393888.1,1,0.00423459,tctttatggcgtgggagaggccacagcccggactccatcgactcccccggctcttagactaagacattgttgctgaagccctctgtcctgtccttctgcggcagtcttcactggctgtgagcctcagaaatcATGCCCAAGTTCAAACAA,0,,0.020203934,
ENST00000343677.2,2,0.004570083,cgcggccggacgggagttccccggagaaggatcctgcagcccgagtcccgaggataaagcttggggttcatcctccttccctggatcactccacagtcctcaggcttccccaatccaggggactcggcgccgggacgctgctATGGACGACATTTTCACT,0,,0.02180463,
ENST00000592741.1,1,0.004582349,gctggcgcctgcgcgcttgcgcatcttcctctgcccggcgcgcgccgcagccgtcgggatcacctcggggttgcgctgcttctccagcaagtgcatgcgcgccatggtctcagtcagcatgtctatgagcagttcctgctgcagcttcagatcATGGAAGGGAAGTGGTTG,0,,0.021863153,
ENST00000350092.4,1,0.004587573,agcgaggcggagccggcgcccggaggagcaagaggaggaggaggaggagaggtcggagccgtctccaggagcccttagagaccgagtcccggcggcgacggcggggcagcgcaccggcaggcggattcattccacttaaaacctgaaaacattggaccacacaaagtcttactgatttcaggtaaaaacaataattgaagATGTCCAGCAAAACAGCA,0,,0.021888074,
ENST00000592277.1,1,0.004676493,acagagtctcagcctcgccgctgctgccgccgccgccgcccagagactgctgagcccgtccgtccgccgccaccacccactccggacacagtctcttttggaaaagttcttgatccccaatgcttcacaagcagagagcaaagtcttctatttgaaaATGAAAGGAGATTACTAC,0,,0.022312329,
ENST00000520578.1,1,0.004856806,ggctttccttcgctctcttttctactcatccctgctcttcgtcccacctcctcctcctccacccctctcctcttgcctttcgaccctccccacttcccctcccccactctgcgggcaaatcgctgctgaaaagagtaatctATGCCAGCAATTATGACA,0,,0.023172633,
ENST00000522761.1,1,0.004868912,ttcgcccgggtggcgttgggcccgcgcgggcgctcgggtgactgcagctgctcagctcccctcccccgccccgcgccgcgcggccgcccgtcgcttcgcacagggctggatggttgtattgggcagggtggctccaggATGTTAGGAACTGTGAAG,0,,0.023230392,
ENST00000534567.1,1,0.005064606,ccaccggtgtctccttctacatccgcctctgcgccggctgccacccgcgctccctccgccgccgccgccttgctgctgctcaaagctgctgccgccccttgggctaaaaggttttcaaATGGAACATTTTGATGCA,0,,0.02416408,
ENST00000527387.1,1,0.005322738,ggtcacgtgtgaggggcggcccgaggtcacgtgacggagcgccggagcggagggagccggggctgggagttctcctgagggaagaggagtggagtaggggggacgcggcggcggcgttgacaATGAGTTTTCTTGGAGGC,0,,0.025395669,
ENST00000393892.2,1,0.005743077,gcaggtgacccggaggccctcgccgcccgcggcgccccgagcgctttgtgagcagatgcggagccgagtggagggcgcgagccagatgcggggcgacagctgacttgctgagaggaggcggggaggcgcggagcgcgcgtgtggtccttgcgccgctgacttctccactggttcctgggcaccgaaagggtggtgATGAAGAGTAAATCAAAG,0,,0.027401178,
ENST00000524464.1,1,0.006404325,cgagctgataaaggcgccattttggaggggccgcgggagacgtggtgccgctgcgggctcgctctgccgtgcgctaggcttggtgggaaggcctgttctcgagtccgcgcttttcgtcaccgccATGTCGGGAGGTGGTGTG,0,,0.030556104,
ENST00000409472.1,1,0.006448131,agtgcggtcacatacttccagaagagcggaccagggctgctgccagcacctgccactcagagcgcctctgtcgctgggacccttcagaactctctttgctcacaagttaccaaaaaaaaaagagccaacATGTTGGTATTGCTGGCT,0,,0.030765109,
ENST00000588269.1,1,0.006627983,accgcccattacacaccccagtacaccagcagaggaaacttataacctcgggaggcaggtccttcccctcagtgcggtcacatacttccagaagagcggaccagggctgctgccagcacctgccactcagagcgcctctgtcgctgggacccttcagaactctctttgctcacaagttaccaaaaaaaaaagagccaacATGTTGGTATTGCTGGCT,0,,0.031623214,
ENST00000541077.1,1,0.006679358,ggcaggaaccgaaacccggagcggccgaagctcagcgctccgctggggcagagggtcgcggcggctgggaacgccgctccccgacgcaccggccgcccccagcgcagcgcgctccgcggggtgctgatctgcctcttctccaagaaactcaaccactagtgacaATGACCAGCCTCCTGACT,0,,0.03186833,
ENST00000507878.2,1,0.006935388,aaaagcgagtgaagagagcgcgacggcggcggcggcggcggcgcagctattgctggacggccagtgggagagcgaggcctgagcctctgcgtctaggatcaaaATGGTTTCAATCCCAGAA,0,,0.033089893,
ENST00000563987.1,1,0.007140677,agcacgcgtgtgtgcggacgcagttgcgtgaggggtttgtactatcctcggtgctgtggtgcagagctagttcctctccagctcagccgcgtaggtttggacatatttgactcttttccccccaggttgaattgaccaaagcaATGGTGATGGAGAAGCCT,0,,0.03406936,
ENST00000566846.1,2,0.007155233,agggtgagtggcagttatatagaccggcggcggagcacgcgtgtgtgcggacgcagttgcgtgaggggtttgtactatcctcggtgctgtggtgcagagctagttcctctccagctcagccgcgtaggttgaattgaccaaagcaATGGTGATGGAGAAGCCT,0,,0.034138811,
ENST00000569798.1,1,0.007614127,attacacaccccagtacaccagcagaggaaacttataacctcgggaggcaggtccttcccctcagtgcggtcacatacttccagaagagcggaccagggctgctgccagcacctgccactcagagcgcctctgtcgctgggacccttcagatgccctcaagacagtgcaggccttcATGATTCTCTCTATCATC,0,,0.03632827,
ENST00000587509.1,1,0.007668819,ctcagtgcggtcacatacttccagaagagcggaccagggctgctgccagcacctgccactcagagcgcctctgtcgctgggacccttcagaactctctttgctcacaagttaccaaaaaaaaaagagccaacATGTTGGTATTGCTGGCT,0,,0.036589214,
ENST00000589399.1,1,0.00889687,gcgaacgccggctgagctgagtctcgctgctcggtgcgaggcggcggagagcgaggcctggtgagcaccgccgaggcgcgggccagctcttcgaggttgtgcgcgggagtggcacggcgggcgggcgagcgaggggctaacttcagcggtggcaccgggatcggttgccttgagcctgaaatcATGACCACCCCAGGAAAA,0,,0.04244845,
ENST00000349038.3,2,0.009113973,ctgtcagccagtcagtccgccagtccgccagcccagtacctctctctcctcggccctcgtaagctgtccgcggtctgtttggcccgaacggcggcggaggcgctgatcATGGCGACATTCATCTCG,0,,0.043484286,
ENST00000512635.2,1,0.009414738,gaaactaggggtcgggctcggccgtcgtcgttgtttgtcgccgcatccccgcttccgggttaggccgttcctgcccgccccctcctctcctcccttcggacccatagatctcaggctcggctccccgcccgccgcagcccactgttgacccggcccgtactgcggccccgtggccaccATGTCCCTGCACGGCAAA,0,,0.044919283,
ENST00000394601.3,1,0.009677006,cggcaccggtgggagctaggcgcgaggctcggagtgcggccagcgggcggaggcggtctcgcatcggcggcgacggagggctcaggcgtcgtcgtttgggtggggggccgctgaactgacaagcgacatttcagctcctttcacccgccggaaccccggagccggggcccgctcagccggcgttaccATGACCAAGGCCGGTAGC,0,,0.046170609,
ENST00000593101.1,2,0.010165382,gagcgcaagtctgtcagccagtcagtccgccagtccgccagcccagtacctctctctcctcggccctcgtaagctgtccgcggtctgtttggcccgaacggcggcggaggcgctgatcATGGCGACATTCATCTCG,0,,0.04850073,
ENST00000445888.2,1,0.011316184,cctggagtccgacgtggaagttgctggctgactgggcttgcgaggaaaccgcctcggagctgcagccgaaggccaaggaatcactgaagatcggcgagggaggacagggggttcatcATGGGTGGCTTTTTCTCA,0,,0.053991399,
ENST00000269305.4,2,0.011667907,gagcgggttccggttgtctggagcccagcggcgggtgtgagagtccgtaaggagcagcttccaggatcctgagatccggagcagccggggtcggagcggctcctcaagagttactgatctatgaaATGGCAGAGAATGGAAAA,0,,0.055669527,
ENST00000604348.1,1,0.011922693,agcggctggtctggaaggaacctgagctacgagccgcggcggcagcggggcggcggggaagcacctaatctgggagcctgcaagtgacaacagcctttgcggtccttagacagcttggcctggaggagaacacatgaaagaaagaacctcaagaggctttgttttctgtgaaacagtatttctatacagttgctccaATGACAGAGTTACCTGCA,0,,0.056885153,
ENST00000487938.1,1,0.012592855,ttggcatctcaggtgcctgggagccctttctcaaccacaccctggagtagggggctagcttgcatccctgcgttctcctcattacaaaaaagaattctgagaaggaaggtgatctattccctATGCAACCTCAGTGTCCA,0,,0.060082612,
ENST00000395240.3,3,0.012842584,cagccggttgctgagccgggagcgctgactggcccggctgggcaggtcttgactcgtctgctgaacaaatcctctgacctcaggccggctgtgaacgtagttcctgagagatagcaaacATGCCCAACAGTGAGCCC,0,,0.061274109,
ENST00000591072.1,2,0.012906165,cactgcccgtccgctcttcagcagccggtcgcgggcggtggaaaagcgagtgaagagagcgcgacggcggcggcggcggcggcgcagctattgctggacggccagtgggagagcgaggcctgagcctctgcgtctaggatcaaaATGGTTTCAATCCCAGAA,0,,0.061577463,
ENST00000586425.1,1,0.013889163,gacgcagatgcgaaagtggcggcctccgggcaccatttctgtgcacggaaacagaatccgggtttgaagatcttctttgtgaagctttcattcaatggtgtaccacaaaagattgaaggtcatttctttaaaaagcatttgacattgtgcagcaaagaaATGGTTATGGAGAAGCCC,0,,0.066267512,
ENST00000589640.1,1,0.014397848,agtcgttagtttcctctttgtaatcaagagttgtatacacagtagagaaagttcagagtgctattccgcgtatatcagatactccatcatgcgattcagttattaggctttctctaaaagtctttgaacagttgtcagaagacttaaactggttgacgggaaatgaggcaagttatcctttggaaATGTGCTCACACTTTGAT,0,,0.068694531,
ENST00000471599.1,2,0.014767678,ccgttcccaagctggtttgaaactaggggtcgggctcggccgtcgtcgttgtttgtcgccgcatccccgcttccgggttaggccgttcctgcccgccccctcctctcctcccttcggacccatagatctcaggctcggctccccgcccgccgcagcccactgttgacccggcccgtactgcggccccgtggccaccATGTCCCTGCACGGCAAA,0,,0.070459054,
ENST00000519316.1,1,0.014886778,gccgggtgcgggcggagtcttcctcgatcccgtggtgctccgcggcgcggccttgctctcttccggtcgcgggacaccgggtgtagagggcggtcgcggcgggcagtggcggcagaATGTTGGCTACCAGGGTA,0,,0.071027301,
ENST00000545542.1,1,0.014895736,atatccgtgcgccgagctgataaaggcgccattttggaggggccgcgggagacgtggtgccgctgcgggctcgctctgccgtgcgctaggcttggtgggaaggcctgttctcgagtccgcgcttttcgtcaccgccATGTCGGGAGGTGGTGTG,0,,0.07107004,
ENST00000589126.1,1,0.015587526,gccctgggagaaatcctcccttcactgggagagaacttctctcccagggcggtgcgacccggagctccagcgccctagtctccacttcgtttgctgaaacttgctttctaccagctaagaaccATGCTGCGAGTGATTGTG,0,,0.074370686,
ENST00000373625.3,2,0.015703583,gcgcggagagctgcgtgacgcggcggcgcgcaagggacgtgcggagtgagtggcgctgcgggtggggccgtcggcggcgctggtgagagaacgccgagccgtcgccgcagcctccgccgccgagaagcccttgttcccgctgctgggaaggagagtctgtgccgacaagATGGCGGACGGGGAGCTG,0,,0.074924411,
ENST00000588991.1,1,0.015741116,ttggggatgaggtggcgaagtggggggggaggcacgcagcagctcccgaaggcgcgctgatggaagcttaatacaggaagtgtgggagcaggctttctggaggggatgttttaggcatttgacattgtgcagcaaagaaATGGTTATGGAGAAGCCC,0,,0.07510349,
ENST00000016171.5,1,0.015787812,aggtactcctaaggacttgttgaattgcgggcttggcgcccgttctacggagagttcacagccttcgtgagtggggacagaaggcggctcggcccggtgattcaggtcgaaattcaagctgaacagcctgctgagagggtatttgaagtataccatacaactgttttgaaaatccagcgtggacaATGGCTACTCAAGCTGAT,0,,0.07532628,
ENST00000236671.2,1,0.015894227,ctctttaaggtgcccgaggctcgcgggcgctgcgctgaggggacggcgggaggcgcggcctggcctcgcactcaaagccgccgcagcgcgccccgggctcggccgacccggcggggatctaggggtgggcgacttcgcgggaccgtggcgcatgtttcctgggagttactgatcatcttctttgaagaaacATGAAGTTACACTATGTT,0,,0.075834004,
ENST00000216083.6,1,0.015906228,ctcgcgagcgtacgtgcctcaggaagtgacgcacagcccccctgggggccgggggcggggccaggctataaaccgccggttaggggccgccatcccctcagagcgtcgggatatcgggtggcggctcgggacggaggacgcgctagtgttcttctgtgtggcagttcagaATGATGGATCAAGCTAGA,0,,0.075891265,
ENST00000568562.1,1,0.015972449,gagctgcgtgacgcggcggcgcgcaagggacgtgcggagtgagtggcgctgcgggtggggccgtcggcggcgctgtacgaggatgtcgtccaggaaagattgtgcagATGACTGAAGCAGAAGTT,0,,0.076207214,
ENST00000592540.1,1,0.016093889,agagtggcgcggggggcgtggggcggtgctgaggagctgaagccgtggccagctcgacgccggacagtccagcgagcagcacggcgggaaccggcagccggagcagtcccggagcagaagcagcagcagcagcagcagccctcgccgttcgcggagcgcagccgagccggccATGGCGTTGTCGATGCCG,0,,0.076786625,
ENST00000513702.1,1,0.016106134,aagcggctcgggctgcggctggctcagagtggcgcggggggcgtggggcggtgctgaggagctgaagccgtggccagctcgacgccggacagtccagcgagcagcacggcgggaaccggcagccggagcagtcccggagcagaagcagcagcagcagcagcagccctcgccgttcgcggagcgcagccgagccggccATGGCGTTGTCGATGCCG,0,,0.07684505,
ENST00000535050.1,1,0.016228506,tttattaaatgccgcagtttgaagtaggagagaaacaagatgaagactagttgtatagtgggtacaaaatgttgtttatctgaataatgttgatgaaatcgcaatttagcatgtgataagaggtagtctcacatgttgaggttaaaatgaaatgtgtttgtatgttttttttttaggagatcATGAATCAGACAGATAAA,0,,0.077428905,
ENST00000415930.3,1,0.016369555,gttccgccccgcgagcggccatcttggaggctgaggcggcggcggcggcgctgcggcgggttcggtgggcccaatcccggggcggtgcggctgtttcgggcgcgggccccgcttttccgcaccctgctccggcctcgactacggcgagcctgagcgcggcggcggcccacgcgcagcgacagggagagATGAGCAGCACCAGCAGT,0,,0.078101874,
ENST00000586481.1,1,0.017047247,aggggcgccacagcgcctgcgcgcgtacggcggccggaaggggctagaggcggctccctgggtgacaaccgcgcgccccacctttccccacgtggccgcgaagaccggctcaggagcatctatcggctgcacgccaacatcaacacaggcgaagATGGTCTCCAAGCGCATT,0,,0.081335256,
ENST00000537919.1,1,0.017245254,gcggcggcggcgctgcggcgggttcggtgggcccaatcccggggcggtgcggctgtttcgggcgcgggccccgcttttccgcaccctgctccggcctcgactacggcgagcctgagcgcggcggcggcccacgcgcagcgacagggagagATGAGCAGCACCAGCAGT,0,,0.082279981,
ENST00000529115.1,1,0.018775861,atcttggaggctgaggcggcggcggcggcgctgcggcgggttcggtgggcccaatcccggggcggtgcggctgtttcgggcgcgggccccgcttttccgcaccctgctccggcctcgactacggcgagcctgagcgcggcggcggcccacgcgcagcgacagggagagATGAGCAGCACCAGCAGT,0,,0.08958276,
ENST00000358506.2,1,0.018865068,cgccccgcgagcggccatcttggaggctgaggcggcggcggcggcgctgcggcgggttcggtgggcccaatcccggggcggtgcggctgtttcgggcgcgggccccgcttttccgcaccctgctccggcctcgactacggcgagcctgagcgcggcggcggcccacgcgcagcgacagggagagATGAGCAGCACCAGCAGT,0,,0.090008382,
ENST00000296122.6,1,0.019108361,agtgcggttgcgcggcggcccaggcgtcgaggggagcctcggcggggagcgcaccgcgcgcctgcgcggagagctgcgtgacgcggcggcgcgcaagggacgtgcggagtgagagaacgccgagccgtcgccgcagcctccgccgccgagaagcccttgttcccgctgctgggaaggagagtctgtgccgacaagATGGCGGACGGGGAGCTG,0,,0.091169177,
ENST00000531149.1,1,0.019235184,agtctagaggcgcagaagaggaagccatcgcctggccccggctctctggaccttgtctcgctcgggagcggaaacagcggcagccagagaactgttttaatcATGGACAAACAAAACTCA,0,,0.091774269,
ENST00000353196.1,1,0.020043366,ggcgcagaagaggaagccatcgcctggccccggctctctggaccttgtctcgctcgggagcggaaacagcggcagccagaggaccacataaacccattttgaattattcaaccattgctgaacttcttgaaactgttttaatcATGGACAAACAAAACTCA,0,,0.095630241,
ENST00000393896.2,1,0.020196809,agtctagaggcgcagaagaggaagccatcgcctggccccggctctctggaccttgtctcgctcgggagcggaaacagcggcagccagaggaccacataaacccattttgaattattcaaccattgctgaacttcttgaaactgttttaatcATGGACAAACAAAACTCA,0,,0.096362343,
ENST00000590151.1,1,0.020240338,gccccggctctctggaccttgtctcgctcgggagcggaaacagcggcagccagagcataaaatacacaagaggatttttatggaatggctccttgttacaaggaccacataaacccattttgaattattcaaccattgctgaacttcttgaaactgttttaatcATGGACAAACAAAACTCA,0,,0.096570028,
ENST00000352035.2,1,0.020421563,ttgtttcaagttggccaaattgacaagagcgagaggtatactgcgttccatcccgacccggggccacggtactgggccctgtttccccctcctcggcccccgagagccagggtccgccttctgcagggttcccaggcccccgctccagggccgggctgacccgactcgctggcgcttcATGGAGAACTTCCAAAAG,0,,0.097434681,
ENST00000420246.2,1,0.020663859,atattagataatggagaagcaaatggcaaggatggttaccttggctaccaagataaagaaccttgaaaagggaagaagatgaaatcagcttcggatatcaggcaggcagctgggtctgtgggtcagaggcttaaggATGGCTGCAGCTCCTCCA,0,,0.098590716,
ENST00000508448.1,1,0.020848855,ggggaggccccacgccaggtccttctggttggagggcttcagcttctgagctttctgatgacattgcacattattatgtgtgtggtttttgagacattcattagccaaagagaaagttaaaatataccttacatatatgagATGAACAAATTTGTAGGA,0,,0.099473363,
ENST00000514944.1,1,0.020944571,tgagaccccaggggtgaagggcgggggatcccaatcccagccctgttttcccctcccctttccccgcctccttctcgcccctcccccctcctcccctctggttggaaagtttctagaatctcttcccagcggcctttgcggttccaacATGGCGGAGCTGACGGTG,0,,0.09993004,
ENST00000335659.3,1,0.020959296,agtgcaaacgcagtgagtcatccgcagggcgtgcggagtgtgccggctgggtccctgcagcccccaagcccggagggatgcgggaaaatcgctcttggaagatgcaattgctttaataatcgactttcacccttagtagcagaaaaacgaccgtggccacagtaccacaaagtctctgATGAATTTACAACCAATT,0,,0.100000295,
ENST00000582055.1,1,0.021048381,cgcgggccggagcgggtcgtgcgcgctgaggaggagccgctgccgccgtcgccgtcgccgccaccgccgccaccgctaccgaggccgagcggagccgttagcgccgcgccgccgccgcctcccgcccgccccggagcagccccgggcccgcccgcccgcatccagatttttgaaaaatacaATGTCTAATGGTTATGAA,0,,0.100425335,
ENST00000397181.3,1,0.021114146,atataaggctaggggcgggcgccgctcttttgtttcttgctgcagcaacgcgagtgggagcaccaggatctcgggctcggaacgagactgcacggattgttttaagaaaATGGCAGACAAACCAGAC,0,,0.100739107,
ENST00000584313.1,1,0.021297336,agtggtgtttgctttctccaccagaagggcacactttcatctaatttggggtatcactgagctgaagacaaagagaagggggagaaaacctagcagaccaccATGTGCTATGGGAAGTGT,0,,0.101613141,
ENST00000550542.1,1,0.021704579,gtgagcgggttccggttgtctggagcccagcggcgggtgtgagagtccgtaaggagcagcttccaggatcctgagatccggagcagccggggtcggagcggctcctcaagagttactgatctatgaaATGGCAGAGAATGGAAAA,0,,0.103556165,
ENST00000310137.4,1,0.022089728,gcttccaggatcctgagatccggagcagccggggtcggagcggtttgtaatgtattgctggattttattttgctgtattagctcctcaagagttactgatctatgaaATGGCAGAGAATGGAAAA,0,,0.105393775,
ENST00000217426.2,1,0.022175223,agaacgctcagggggcaggtgacacagtcgtgggttccccggcgggcgctggcttgacagtttcctccccgcccactggcaggggagcgccccgccgggctgcacgcgcgcgcgcgcaggggggcataaaagccgcggccgcgcggagacgcggagctcgcccaccgcccgccccagcagtggctgcaccATGCACGTGAACGGCAAA,0,,0.105801686,
ENST00000358075.6,1,0.023215921,agcgggttccggttgtctggagcccagcggcgggtgtgagagtccgtaaggagcagcttccaggatcctgagatccggagcagccggggtcggagcggctcctcaagagttactgatctatgaaATGGCAGAGAATGGAAAA,0,,0.110767028,
ENST00000589575.1,1,0.023252326,gcagctcgggcggcgggaggagtggcagcggcaaggcagcccagtttcgcgaaggctgtcggcgcgccgcggcccgcaggcacccggcacgcgccttccccgcaggcacccggcacgcgccttccccgccgccacgATGCCCAAGAGGAAGGTC,0,,0.110940723,
ENST00000491493.1,1,0.023400784,atctttggtccagtgcggtggcggcggcggcggtggcggcggcgactgctgcggtgaaggaggaggaggagccgagcgggcgctggcaccgaggcctgaccATGGACGAGGAATACGAT,0,,0.11164904,
ENST00000329399.6,1,0.023676639,gagcggcggcggcggcggcggcggcggtcgaaagcggagtgaaagagggaggcagggagccggagagccggaaccggagtcgcagcggcggagacccctgtgcggtgcggagggggcggcggccccgactctgacccgcgccgggggtgggccATGGCGGAGATCAGCGAC,0,,0.112965191,
ENST00000524475.1,1,0.024128878,ggctttccttcgctctcttttctactcatccctgctcttcgtcccacctcctcctcctccacccctctcctcttgcctttcgaccctccccacttcccctcccccactctgcgggcaaatcgctgctgaaaagaggaaggagcagttggttcaatctctggtaatctATGCCAGCAATTATGACA,0,,0.115122897,
ENST00000456705.1,1,0.024971206,gcttcacgcaggcctgcgaagctggagcccctggatagcctttcttgccgacagaggcgggagaaatttgctacttcctgtataccttatccttctcccttcccagtctaagatacgaactataaATGTTCGAACCCAATTCA,0,,0.119141785,
ENST00000315758.5,1,0.02611803,taaaatttaaaaattccttattctcctttcagatatggctggagtcatttgtttcatattttcctttcaccttttacttgccctaaatctggttcagaactttttgtgggagcattaagttaccagaatatttttgtgtagtaaaattcaagcaaataataatagactgttttattatacagaATGAAAATGCGGTTCTTG,0,,0.124613475,
ENST00000576544.1,1,0.026634056,agggactctgcctctaaggatgatgtctgccttggcctgccatgcctggaattccaattcatctttactggttctaaaggttttataggatcacattgacaaaagtaccATGGAGTTTTATGAGTCA,0,,0.127075519,
ENST00000573283.1,1,0.027725687,gccctaaagcctggcagacgcggagcgcacgcggcctttgcctcggccaggacagggcagcggggagagggctgctagacaacaattcttgacccctcctcgacccacgaccgccagtacaatcATGTTTGAAATTAAGAAG,0,,0.132283873,
ENST00000575087.1,1,0.028711177,gtaacgcgtggcagcctgagggaggggcgtgcgccgagagggagctcagatcgagcggggcgcgggtggagaagctgcggcggcgcggcccgtaggaaggtgctgtccgaacgatcgggataggagcggtccctgcgcttgctgctgggaagtggtacaatcATGTTTGAAATTAAGAAG,0,,0.136985811,
ENST00000438213.1,1,0.029096443,cctcagagcgtcgggatatcgggtggcggctcgggacggaggacgcgctagtgttcttctgtgtggcagttcagaatgatggatcaagctagatcagcattctctaacttggatttATGATTGGCTACTTGGGC,0,,0.138823978,
ENST00000509690.1,1,0.029275545,gagcccgggagccggaggtgtagcggcagagacattgttcttgccggctccctacggtgccgtgtgtgcgtgagagaagaccagtctttcctctagcatttgacattgtgcagcaaagaaATGGTTATGGAGAAGCCC,0,,0.139678503,
ENST00000415447.1,1,0.029343428,gagtttctgtgcacacactctcctgcctgctgccacgtaagacgtgccttttgcctgccgccatgtaatatgtgcctttgctcctccttcgccttctgccatgattgtgaggtctccccagccatgctgaactATGAATTTACAACCAATT,0,,0.140002387,
ENST00000405198.1,1,0.029519771,cgcacagacatcccaaatcccggattgggcctgaggaacatctctgcaaagagcgccaggagggcgtgggggtcccgcctctctcgccagggaccagggagtggacactcactggtccagtcatgaggaactcagcatcctcctgacgggaggcgcctctttcccagaagcgtacaatcATGTTTGAAATTAAGAAG,0,,0.140843746,
ENST00000529737.1,1,0.030142564,gtcggatcgggggcccagggtgtccgagtgaactgggtgattcagaggtgtgtttccctaatagcggggcagctggcgagggacgcagtaaaaaggagcgaggtgcagacacgATGAGGCGAGTGGTACGA,0,,0.143815196,
ENST00000355653.3,1,0.030201892,actcaggggccaggggcgggcacagggccgggcttcgtgcggtggggctcgctcgcgcggcagcggtggccgaggcctcttggttctgcggcacgtgacggtcgggccgcctccgcctctctctttactgcggcgcggggcaagatcATGGAAGGGAAGTGGTTG,0,,0.144098259,
ENST00000568459.1,1,0.030226253,agtgcacgccaatccggccaggcgctcgcgctgggttctgctcacgcccgtaggggcccgcgttcgctgcaacgggcccttcctgatggccgatcgtcggactcctaccccttttgccggctgccgtttgccccgtcagcgaagggcgcgcgatgcgtcccaagtctcggctccaggaaccagacggatcATGGAAGGGAAGTGGTTG,0,,0.144214491,
ENST00000593582.1,1,0.030274036,actcaggggccaggggcgggcacagggccgggcttcgtgcggtggggctcgctcgcgcggcagcggtggccgaggcctcttggttctgcggcacgtgacggtcgggccgcctccgcctctctctttactgcggcgcggggcaaggtgtgcgggcgggaaggggcacgggcacccccgcggtccccgggaggctagagatcATGGAAGGGAAGTGGTTG,0,,0.144442471,
ENST00000358990.3,1,0.030325246,cgattgcatcagctggtccagccgaggccaagtcccgggcgctagcccacctcccacccgcctcttggctcctctcctctaggccgtcgctttcgggttctctcatcgcttcgtcgttcgccaATGTTTGAGGAGAAGGCC,0,,0.144686801,
ENST00000409800.1,1,0.031080255,gctcgggtacgctccacgccgtcgcagccactgctgtggtcgccggtcggccgaggggccgcgatactggttgcccgcggtgtaagcagaattcgacgtgtatcgctgccgtcaagATGGAGGGGCCTTTGTCC,0,,0.148289075,
ENST00000409913.1,1,0.031131854,gggcccgagaccccgcctctcggcgagcccgccctcttctgaagaggcgtttctggaccactgagccccgcctcccactgcgccattttcgagtgaaggacccggagccgaaacaccggtaggagcggggaggtgggtactacacaaccgtctccagccttggtctgagtggactgtcctgcagcgaccATGCCCCGTAAAGGCACC,0,,0.148535266,
ENST00000420282.1,1,0.031471956,aacaaatgattctgatccattctgagatctacaaaggctgttaccctgcaggtccatctcacgtcccccaggaggccggggaaaccctgggctgcggagggaggggaggaggtttgaacgagcccgctctggggaccgggccgcctactccgcgggttttcttctgttttcatagccagccagaacaATGTTCTACGCACATTTT,0,,0.150157947,
ENST00000439227.1,1,0.031550201,aacaaatgattctgatccattctgagatctacaaaggctgttaccctgcaggtccatctcacgtcccccaggaggccggggaaaccctgggctgcggagggaggggaggaggttttcttctgttttcatagccagccagaacaATGTTCTACGCACATTTT,0,,0.150531266,
ENST00000377351.4,1,0.032609164,tgccggatccttcagcgtctgcatctcggcgtcgccccgcgtaccgtcgcccggctctccgccgctctcccggggtttcggggcacttgggtcccacagtctggtcctgcttcaccttcccctgacctgagtagtcgccATGGCACAGGTTCTCAGA,0,,0.155583756,
ENST00000551550.1,1,0.033310699,cctttcaaccttgtcaacccgtcggcgcggcctctggtgcagcggcggcggctcctgttcctgccgcagctctctccctttcttacctccccaccagatcccggagatcgcccgccATGGCTTTACTTACTGCG,0,,0.158930897,
ENST00000572105.2,1,0.033616657,cggccaacgccaagtaggggattgcgttccctccagtcgcaggcttttcaccattctttagctctcacctaccaacaatcatcttcagtgaggactttgccacttgattcacagtctgtatcagtgccctccagtcttccagaccctatcagatttggatATGTCCTTCATATTTGAT,0,,0.160390673,
ENST00000332556.4,1,0.03435535,cggcgctcagtgccaggctggaggcggcagcggttggaggcttcgcccggctttgcagcggggacttcggcggcggcgcctcaggcacctcggcccggacacgATGAGGCGAGTGGTACGA,0,,0.163915103,
ENST00000397032.4,1,0.034637276,agagcagcgacagagccttcctcaaacctgtagtgactgccacactttgcaaggacaccgtagagggggcatgtccgcgctccaacttcctcccgacgcagcctctgattggctcctgggcttataagaaacgcgtgaATGAGCAGCTGCCGCGGG,0,,0.165260216,
ENST00000585535.1,1,0.03480424,gcggcgggcgaagcgcacgtcgagcgggggagcggcgctgcctgtggagatccgcggaggccgacaggattcgttggctgccgtccccgctgctgtgcattgggttaaaaacgacaaccaacatcagccATGAAAGATCCAAGTCGC,0,,0.166056827,
ENST00000429262.2,1,0.034891966,tttagtctatcgctgcggttgcgagcgctgtagggagcctgtgctgtgccgcgcagttaggcagcagcagccgcggagcagtagccgccgtgggagggagccATGAAGCATTACGAGCAG,0,,0.166475383,
ENST00000523072.1,1,0.035721721,gctgcgtgacgcggcggcgcgcaagggacgtgcggagtgagtggcgctgcgggtggggccgtcggcggcgctggtgagagaacgccgagccgtcgccgcagcctccgccgccgagaagcccttgttcccgctgctgggaaggagagtctgtgccgacaagATGGCGGACGGGGAGCTG,0,,0.170434283,
ENST00000409372.1,1,0.036397483,ggcgctggtgagctttgcggagctgggcggtgccgaggaggaggaggtggcggcctgggtctgacgcggccctgttcgagggggcctctcttgtttatttatttattttccgtgagagaacgccgagccgtcgccgcagcctccgccgccgagaagcccttgttcccgctgctgggaaggagagtctgtgccgacaagATGGCGGACGGGGAGCTG,0,,0.173658457,
ENST00000540149.1,1,0.036771346,actaagaatcgcagtatttaagaggtagcaggaatgggctgagagtggtgtttgctttctccaccagaagggcacactttcatctaatttggggtatcactgagctgaagacaaagagaagggggagaaaacctagcagaccaccATGTGCTATGGGAAGTGT,0,,0.175442221,
ENST00000290949.3,1,0.03695584,gtgatagccgccgaccgagcctgctgctttcttgctactgcttcggcttcccggctaccccccggacggtgaaggcggcccagctgtggatggtcagatagcccttgtctcccgccgccaatctctggcccctagcagcacggagcagacggcggcagcagcagcagcaggcgaggaggaagATGGCGGGACGGCTGCCG,0,,0.17632247,
ENST00000244137.6,1,0.038595953,ctctttgcccctaaaatggcagcgcgggtttttgcccggaaagaggcgctctcgttcgggtctcccagtttctgtttttggagttgacagcagagttttaaatattggatattgaagtcttcattttcgtgtgtttcgtgcgtttagagaaaATGGCAGACGATATTGAT,0,,0.184147724,
ENST00000536171.1,1,0.038863432,attctctcgggcctagccgtccttggaacccgatattcgggctgggcggttccgcggcctgggcctaggggcttaacagtagcaacagaagcggcggcggcggcagcagcagcagcagcagcagcaatctcttcccgaacacgagcaccacaggcgcccgaaggccggaacaggcgtttagagaaaATGGCAGACGATATTGAT,0,,0.185423913,
ENST00000433655.1,1,0.038907413,aagagcgccacgggcggggcggggccggcggcgggctgcgggcgcggccggacgggagttccccggagaaggatcctgcagcccgagtcccgtcctcaggcttccccaatccaggggactcggcgccgggacgctgctATGGACGACATTTTCACT,0,,0.185633751,
ENST00000198765.4,1,0.040251609,gaggtcgagcccgccgctgccgccgtcgcctgagggaagcgagaagaggccgcgaccggagagaaaaagcggagtcgccaccggagagaagtcgactccctagcagcagccgccgccagagaggcccgcccaccagttcgcccgtccccctgccccgttcacaATGCAGCCTGCTTCTGCA,0,,0.192047136,
ENST00000521271.1,1,0.040415654,agagagagaagggcgcctcagaggtgactttcagcctgcgagccttcttcccggggcgccataaacgcccccaatttcccagctgctaaaggaagaggaagatcttagcaaagcaATGTCTCAAGATGGTGCT,0,,0.192829821,
ENST00000581544.1,1,0.042160398,ggaagccggcaaaagccggccctccccggtagggaccgttgcagtggccgttggcggccggcgcggcgatgccccgcctccggcgcgagcctcggagcccccgggctgATGCCCTCGGCCACCAGC,0,,0.201154287,
ENST00000409185.1,1,0.042269886,ggttccgccccgcgagcggccatcttggaggctgaggcggcggcggcggcgctgcggcgggttcggtgggcccaatcccggggcggtgcggctgtttcgggcgcgggccccgcttttccgcaccctgctccggcctcgactacggcgagcctgagcgcggcggcggcccacgcgcagcgacagggagagATGAGCAGCACCAGCAGT,0,,0.201676673,
ENST00000531462.1,1,0.042790573,gggggtggggacttcgcgggagtcgccggcggaggcgaggaggagctctgcgcggcgcggcgggcgatccgagccgggacgggctgcaggcgggggtgctgcagaggacacgaggcggcgggctggagacATGGACCGCGGCGAGCAA,0,,0.204160957,
ENST00000464330.1,1,0.043406939,ctttcaaccttgtcaacccgtcggcgcggcctctggtgcagcggcggcggctcctgttcctgccgcagctctctccctttcttacctccccaccagatcccggagatcgcccgccATGGCTTTACTTACTGCG,0,,0.207101741,
ENST00000444761.2,1,0.043460749,cttgaggaccccgggctgggcgccgccgccggttcgtctactctttccttcagccgcctcctttcaaccttgtcaacccgtcggcgcggcctctggtgcagcggcggcggctcctgttcctgccgcagctctctccctttcttacctccccaccagatcccggagatcgcccgccATGGCTTTACTTACTGCG,0,,0.207358475,
ENST00000579456.1,1,0.044448721,agcgcgttgcatcacctccgtgcgcccggttgcagcgtggacgccggatgagttgcttttaggcttgctggcccgcggggctgtccaggcacgcgaggcccctcagcaacaaaATGCTTCAACAAGTTCCA,0,,0.212072257,
ENST00000564178.1,1,0.045993643,tcgcgctaccctcccgccgcccgcggtcctccgtcggttctctcgttagtccacggtctggtcttcagctacccgccttcgtctccgagtttgcgactcgcggaccggcgtccccggcgcgaagaggctggactcggattcgttgcctgagcaATGGCTGCCATCCGGAAG,0,,0.219443336,
ENST00000423327.2,1,0.046083375,gcttgcgcgtgcggcggctgggcaccgccattttggccggtggccgtgagaacacgctgtgtggctgaaaagtgaaggcaagagctgatttggcctctgtgctcccctccgcaaggggatcgttttctccagagctggatattctttcgcccagttATGGCAGACAAGTTAACG,0,,0.219871465,
ENST00000507081.2,1,0.046648553,acaactggagcagccgggaacagctctgaccacagtggttccggggagaagcctttccaggacccatgtgtaggcacaactgttttccctgatcaggatacttgcggcactcaacagaggaaagaaattcctaagggaacactgctcagaaagtactgcagcatgtcttcaaATGCCTGAGGATCAAGTT,0,,0.222568019,
ENST00000545016.1,1,0.0477777,tgagcctgcgtaccgaagtggggacgaggccatagcgaggactcccccgtggtctgagagggggcaggccagagctggctggctcagcggcctgcgagctaacggggactgcagtaaaaacacgcctacatcccgagtacggaggatttcttgtctcccccagtgaagcagaggttataactacatctctgtgcctggagATGGCCCACTGCGTGACC,0,,0.227955368,
ENST00000356638.3,1,0.049631595,ggcagaggcggcgccagccatgttggccgggcggagaggacagattttgcaaagcggaggctgcgacgggtcctgcagggggacagtgaggaaagggccgcctcgtctccgctcctgggggaccgcagaaataagaatcaaactccacaATGACAACCTATTTGGAA,0,,0.236800613,
ENST00000346178.4,1,0.049652402,ctcttcccatcgcgcgggtcctagccaccggtgtctccttctacatccgcctctgcgccggctgccacccgcgctccctccgccgccgccgccttgctgctgctcaaagctgctgccgccccttgggctaaaaggttttcaaATGGAACATTTTGATGCA,0,,0.236899886,
ENST00000340384.4,1,0.051768365,gcgccattgtgacgtcacggtcagcccacgttctgattgtagatagccggcgccttcctcttcccatcgcgcgggtcctagccaccggtgtctccttctacatccgcctctgcgccggctgccacccgcgctccctccgccgccgccgccttgctgctgctcaaagctgctgccgccccttgggctaaaaggttttcaaATGGAACATTTTGATGCA,0,,0.246995495,
ENST00000441461.1,1,0.052840851,tgggagtgtcgtggacgccgtgccgttactcgtagtcaggcggcggcgcaggcggcggcggcggcatagcgcacagcgcgccttagcagcagcagcagcagcagcggcatcggaggtacccccgccgtcgcagcccccgcgctggtgcagccaccctcgctccctctgctcttcctcccttcgctcgcaccATGGCTGATCAGCTGACC,0,,0.252112506,
ENST00000395009.3,1,0.053595065,ggctcgggagagaccttggagcgcgcgggaaagagaccaatataaactgtggcgggatagttttcgggtccttgtccagtgaaacaccctcggctgggaagtcagttcgttctctcctctcctctcttcttgtttgaacATGGTGCGGACTAAAGCA,0,,0.255710988,
ENST00000262460.4,1,0.054142335,gtcagccagtcagtccgccagtccgccagcccagtacctctctctcctcggccctcgtaagctgtccgcggtctgtttggcccgaacggcggcggaggcgctgatcATGGCGACATTCATCTCG,0,,0.258322103,
ENST00000353555.4,1,0.054856376,ggtctccgtgtgacaagtacatccctgctgtgcttgggaaagggctgcggcttgggaaagggctgtgtgggttccctggcttcttcctgctgtccccgaggagcatcggaaATGGGTCACAACGCAGCA,0,,0.261728912,
ENST00000333511.3,1,0.055039369,aaggctaggtgaggtgtctttggcaaggttgcacagggatccagaggtggagtcgaccgccagcatcttggcctctgtgaaggaacaagaggcccagtttgagaagctgacccgggcgctggaggaggaacggcgccacgtctcggcgcagctggaacgcgtccgggtctcaccacaagatgccaacccactcATGGCCAACGGCACACTC,0,,0.262602003,
ENST00000534779.1,1,0.05536219,cgcgcgggagcccaggccagctttggggttgtccctggacttgtcttggttccagaacctgacgacccggcgacggcgacgtctcttttgactaaaagacagtgtccagtgctccagcctaggagtctacggggaccgcctcccgcgccgccaccATGCCCAACTTCTCTGGC,0,,0.264142234,
ENST00000587173.1,1,0.055581236,atggtgaacaaaatggacttaggtccattttggggctgttttcaaagacgggctgttgggttgagtactgtcgcctctcatcccccatgttggcagtatttccagctcccaaccctttgagcaccaggaacactgcagagggagtaaaatcacttaaccatacaaggcccgcaATGGATGCCCTGCAACTA,0,,0.26518734,
ENST00000393979.3,1,0.056093566,aaagtaacacagctagtgactagaaccacgtgccctggctaccacttccgagtgacatcagctgccgatccataagaaataccttcaaaccaatgcagggattccagaATGACTATCTTGACTTAC,0,,0.267631754,
ENST00000591831.1,1,0.056388956,ttgttgcgcctctgctctgaagaaagtgctgtctggctccaactccagttctttcccctgagcagcgcctggaacctaacccttcccactctgtcaccttctcgatcccgccggcgctttagagccgcagtccagtcttggatccttcagagcctcagccactagctgcgATGCATGTGATCAAGCGA,0,,0.269041105,
ENST00000555873.1,1,0.057124855,tcgttagtccacggtctggtcttcagctacccgccttcgtctccgagtttgcgactcgcggaccggcgtccccggcgcgaagaggctggactcggattcgttgcctgagcaATGGCTGCCATCCGGAAG,0,,0.272552203,
ENST00000521716.1,1,0.05808997,acacggtctttgagctgagtcgaggtggaccctttgaacgcagtcgccctacagccgctgattccccccgcatcgcctcccgtggaagcccaggcccgcttcgcaggaaatatttttctcttcccccatcttttagctttctccctttgtctcataaccATGTCCACCAACGAGAAT,0,,0.277156927,
ENST00000398491.2,1,0.058585898,acagtaagtcatcccaaaacctcacattcagatgaaaccatttaagaatttcatctgcactgaggaacaatttagcgtgatactggagggaaagagtttccctgtgagatccaggaggtccctttagctcgtctcctgacgtcaccacagtcatacccaagaggaaggaaacgtcagagacaATGATTTGGAGAACATTC,0,,0.279523082,
ENST00000380668.5,1,0.060105109,gtgtacggccaacgccaagtaggggattgcgttccctccagtcgcagagtttccctcttgtcgcccaggctggagtgaagtggcacgatctcggcttactgcaagctccgcctcccgggttcacgccattctcctgcctcagcctcccgagtagctgggactacagaccctatcagatttggatATGTCCTTCATATTTGAT,0,,0.286771494,
ENST00000590770.1,1,0.061173643,ggggctggtgttcggggctgccccgagcccagctctgggagcttattttgtcatcacagtggcactgcagcctgtctacctcctggctgcggctcgtcctcagatgccttctgtgaaggctgtcctggctataagtcaccATGGCACAGCAAGCTGCC,0,,0.291869648,
ENST00000407627.2,1,0.06156349,agcggcctgggaactcttagctgagcaggcgagagccgttctttgccaagttccctccgaagtcctctgagctcctgcattgtagcgggaagcggcagtgagcatcATGGATACCGACTTATAT,0,,0.293729669,
ENST00000596459.1,1,0.061828443,cctctagtatacaggtgtggattcagtagatgcttgataattcagttcttatttggtactattattgacaaaggaaaatgataaaggaaatatttttctcttcccccatcttttagctttctccctttgtctcataaccATGTCCACCAACGAGAAT,0,,0.294993804,
ENST00000389231.5,1,0.062375873,gcacttcctgcccgagccgctggccgcccgagggtgtggccgctgcgtgcgcgcgcgccgacccggcgctgtttgaaccgggcggaggcggggctggcgcccggttgggagggggttggggcctggcttcctgccgcgcgccgcggggacgcctccgaccagtgtttgccttttATGCTCACCATGGATGAT,0,,0.297605684,
ENST00000229268.8,1,0.062764888,gacgcgagcgcggccgctcccgatgcgctcgtgccgcccccgccgtgctcctcggcagccgttgctcggccggttttggtaggcccgggccgccgccaggcctccgcctgagcccgcacccgccATGGACAACTACGCAGAT,0,,0.29946174,
ENST00000575659.1,1,0.062808495,gtgacgcgcttgggaaaggcaggagcgccagcggtcgggctgctcttggctaacgagaggagtccgaggcggcggcgaggggcgaacgacccgacgcaagATGGCGATGTTTGAAGAT,0,,0.2996698,
ENST00000238081.3,1,0.063295479,gggggcccgcgggaggcgcggaggaaagtgcagactcccagtcacggccaaatgtggaaggaccggacccctgggttgcagcgcgtcgagcggtgctgactctttcctttgttctgtttctgcctctctagagctgacatcgcgctgatcggattggccgtcATGGGCCAGAACTTAATT,0,,0.301993281,
ENST00000381844.4,1,0.063518195,aaaatacgtggtttcattgctctgcggcctaatcaaaccctggacaagagaagaggaagaaaataggatatacttgcagcgcgcaagcgctgcacaaagaaagcatgtcctctctgagtcgccattttctggcatccttaaatcttgtgtcaaggattggttataatataaccagaaaccATGACGGCGGCTGAGAAC,0,,0.303055894,
ENST00000586613.1,1,0.065253059,ggtggagagcttgggatgggggagggaggggctgccgactccctgttcctccagcaaggaaactcgaaagctctccggttttgcagagtggcatgtgaataatctATGCCAGCAATTATGACA,0,,0.311333217,
ENST00000542337.1,1,0.065427806,gggtgtgacgtacatccggcgagtagctggcggtcccgggtgctgctggttagtgtgctctgagggagggtccgagccagccgctgttttgccggaggagcccctcaggccgtagtaagcattaataATGTCTTTCATCTTTGAG,0,,0.312166966,
ENST00000351593.5,1,0.065518607,aaaggagcacttccgggttcggcaataacctggagccggcggcgtaggttggctctttagggcttcaccccgaagctccaccttcgctcccgtctttctggaaacaccgctttgatctcggcggtgcgggacaggtacctcccggctgctgcgggtgccctggatccagtcggctgcaccagacgctagtgtgagcccccATGGCAGATACGACCCCG,0,,0.312600193,
ENST00000604900.1,1,0.066176422,cagttacagagaagccttgagacagatgattggaagcgggtatagatctgagcagtcgttacagtctgatatatgggatgagaacacagtggatctgtgtttgggtacctccacctctttttgagtgcatgattgtacctgcattagttatcagctgatcgtcgtgtgttgccacccattcatgtcaagATGACTAAGTTTGGATTT,0,,0.315738737,
ENST00000314797.6,1,0.067505802,gggagtatgggcttagaagccggaagtgggttgacgtagcccggaaggggaatacttccaagttgtagtgttgttgttttcagcctgctgctgctgctgctgttgcggctaggggaaccgtcgtggggaaggATGGTGTGCGAAAAATGT,0,,0.322081434,
ENST00000571691.1,1,0.068100455,aggccggcttgcggggttgagtggcccgagctaagggtgcggagacctaagggcggcgactacgacggcgttgatatcggtggtaacgacggcctcagcaggcggggaagATGAAAGGTAGCCGGATC,0,,0.324918618,
ENST00000275766.1,1,0.068244123,atcgtccgagccccacctccctcctcttcgcccccgcacgccgaaaacaggggcctctcacgtgacccctgcgcgctcccgcgggggagcgtagtctcggaggcggcgccgcaggggattgaggggttgactgagcgttgcgagccttagctttctcccgaacgccagcgctgaggacacgATGTCGCGGCTCTCCCGC,0,,0.325604083,
ENST00000578495.1,1,0.068454132,agggtgcgaattcgttaggcaaaagctgggtacaggcgcgagccacaggcacggaaacctcgcgccgaccggggccctaggcccgacgacggcagtttgtttcgacgccggaccgcgtaagagacgATGATGTTGGGCACGGAA,0,,0.326606072,
ENST00000392710.4,1,0.06945203,agtccctctgccttcactcccatggccacctgtgctccagggcctgcctgacccctgtccagcggccctgaagtaagcgcctagaacactgcctgtaacgtggaaggtgttcgatctatagagttttgtcgaatgaatgaatgaagccgactagtgcacagggagtgcagcggcgcgATGGTAGCTCTCTGCAGC,0,,0.331367211,
ENST00000370526.2,1,0.069794156,cctccccttccctacatctagccgccgcgctttcccgctcccgcagcagcagcctcccgcgtcgctgtcgctgttgcctccgccacctcctccgccgccgcgcgcccctcggagttccgcgccccaccATGCCCAACATCGTGCTG,0,,0.33299955,
ENST00000426837.2,1,0.070476436,gtaacgcgtggcagcctgagggaggggcgtgcgccgagagggagctcagatcgagcggggcgcgggtggagaagctgcggcggcgcggcccgtaggaaggtgctgtccgaacgatcgggataggagcggtccctgcgcttgctgctgggaagtggaacagtcttactgttttccttctagtacaatcATGTTTGAAATTAAGAAG,0,,0.336254821,
ENST00000450814.2,1,0.070506038,ggagccgaaacaccggtaggagcggggaggtgggtactacacaaccgtctccagccttggtctgagtggactgtcctgcagagactgcaagtgaggaacttgataatagaagtttagaagagattttgaacagcattcctcctcccccgcctccagcaATGACCAATGAAGCTGGA,0,,0.33639606,
ENST00000421355.1,1,0.070769602,cagcgcgccccgggctcggccgacccggcggggatctaggggtgggcgacttcgcgggaccgtggcgcatgtttcctgggagttactgatcatcttctttgaagaaacATGAAGTTACACTATGTT,0,,0.337653568,
ENST00000436370.3,1,0.072821578,aaatgcgtgttctagctttctgtgtgcttaggtgcccgagctactgagggtctaagtccgggcagccgaagagtgtggtaggtaacggtcctcagcgcaagggtcatttcgtcgctgggaagggacggccctcgcccgcggtgATGGTGGTTAGCAAGATG,0,,0.347443887,
ENST00000585608.1,1,0.074005246,aaaggagcacttccgggttcggcaataacctggagccggcggcgtaggttggctctttagggcttcaccccgaagctccaccttcgctcccgtctttctggaaacaccgctttgatctcggcggtgcgggacagacgctagtgtgagcccccATGGCAGATACGACCCCG,0,,0.353091363,
ENST00000304434.6,1,0.07420922,gccgggcgtatgtgttggtgctagaggcagctgcagggtctcgctgggggccgctcgggaccaattttgaagaggtacttggccacgacttattttcacctccgacctttccttccaggcggtgagactctggactgagagtggctttcacaATGGAAGGGATCAGTAAT,0,,0.354064558,
ENST00000541407.1,1,0.077601043,tccgttggatatccacaccatccttctcgctgcagggaaccaaacaacaagaaattgttgtttcccgtgggaagatcttggagctgcttcgcccagaccccaacactggcaaagtacataccctactcactgtggaagtattcggtgttatccggtcactcATGGCCTTTAGGCTGACA,0,,0.370247509,
ENST00000319545.8,1,0.078374243,gtcctggcgagaagcgagccggcggcctgaggaggcgactgactgagcagcgcacccggggagcaaggaggcgcggtgaactgagcggcccctgagctgacagatacactgcgcagctggaacggcgagcgagccgacgggcgagtgaggggcgcagccATGATCACCTCGGCCGCT,0,,0.373936575,
ENST00000433845.1,1,0.080075549,ttgcttccgcggcggggccggaagtaggagcggcggcggcggcggcggcggcggtcgaaagcggagtgaaagagggaggcagggagccggagagccggaaccggagtcgcagcggcggagacccctgtgcggtgcggagggggcggcggccccgactctgacccgcgccgggggtgggccATGGCGGAGATCAGCGAC,0,,0.382053789,
ENST00000405273.1,1,0.080382815,agaaagaaaaggtatcagtacagaaaagaagagtcagaaaataccgtgcaaaggcacattcagaacgtaaccaggatagctggagccaggattcaaggagagagggtgtcttttATGAATAATCAAAAGCAG,0,,0.383519805,
ENST00000425012.2,1,0.081421927,ccacatccgatcggtaccggagcgggaggtgaggggtcggctcgcggatccagctgcagagcgacgtggggaattggaatggtgctttggtgaggtggcggccgcgttaggggctaATGGTCCAGGGGAGGTAC,0,,0.388477585,
ENST00000431645.1,1,0.081547134,ttcccggtggctggctgctctgattggctgaacaaatagtccgagggtggtgggcatccgccctcccgacaaggcagaccaggccccctgcaggtcccctatccgcaccccggcccctgagagctggcactgcgactcgagacagcggcccggcaggacagctccaggtgagagtgccggcgccgcggcgctgccagaATGAAAATGCGGTTCTTG,0,,0.389074967,
ENST00000545482.1,2,0.082247769,agaagccagagcagacagcaatttcgggacattgcagagctgtagtagatctgtactggtctgcagacagacaataatttgcactaagaccaggaagacgttctgtgaggaagacataggtggaaatacggaaagcagaaaagacaacttcggggtggccgggagataacagaagtgcaaaATGGCAACTCTTAAGGAA,0,,0.392417815,
ENST00000395734.3,1,0.082313455,gaatgttcccgccgcgggctccgccccccggccaatcggaccggcgctcggtgaagcccagattctctttgttccgcagccatttcaggccccggacaggaggcagtgccgcttcggccgaaggcccgagcgcccgaggcgtctgggATGGTGTGGGACCGGCAA,0,,0.392731213,
ENST00000547294.1,1,0.084440659,acatgcgcccctctcaagtgctggcagaccactgtgcatgcagacaacgcacccaaagggaagaatcaggggaacagtaacgcaaccctgccagcatgccaatgtagaaaacttgaaagaatgaacacaaaaatgtttacaaaggatatcatggcagagtgccaccATGGCAACTGCACCATAC,0,,0.402880458,
ENST00000356496.5,1,0.084446018,gcacttcagttctcggagagaagaggcgggagtggacctggtcagccctaccccactgaccccaccggacccaggcgcggcctccgccacagccacagcccctgcccctgctgcggcgcggcgaggcgaggcgATGGCCAAGGTGTCGGTG,0,,0.402906028,
ENST00000534647.1,1,0.084948753,gtcagaacggcggccaggacgccggacgtgcggcagttgcaggcgagcaggcgaggaatcgccgtggcgtcttggtgttctccacgctggttcgcaggtgaagagATGGCGTTTGTGAAGAGT,0,,0.405304657,
ENST00000397604.3,1,0.08673278,cttggttctgcggcacgtgacggtcgggccgcctccgcctctctctttactgcggcgcggggcaaggtgtgcgggcgggaaggggcacgggcacccccgcggtccccgggaggctagaggtggattttatccaaagccaagaaagacgataccgatgatgaaattgccaaatatgatggaaagtgggaggtagaggaaATGAAGGAGTCAAAGCTT,0,,0.413816549,
ENST00000438658.2,1,0.087010828,cgcggcggggcggtggcaggagggcagctcgctggctgctcgcggcggtgcctgtccgagctcccctccgcgccggccgcgtcctctgggcggggtggccccgagccacggcctccaggctgctcttcctttcggaggtcatcatcagatttgaaatatttaaagtggatacaaaactatttcagcaATGCAGACAATTAAGTGT,0,,0.41514316,
ENST00000500635.2,1,0.087318517,cgggtggggaggtggggtccgggtgtgcgccgcggcgctggctgcgaaggcagtggccgaggcgggctccctctgggccgtgcccggcctggctaacaaagccgccgcggcctctgttgtgtgATGGTGTCTTTTATGAAT,0,,0.416611195,
ENST00000270776.8,1,0.088299728,cgcataagttgtcagtccccagcagtgtttgggagccttaacaggcttgctaagtgcctgagattaaaggcgaagaggaagaagagcaagaagggcaacccggtgtttaacacacggctttcaggcgctctcagacagaacaATGGCAGCCCGAGTACTT,0,,0.421292717,
ENST00000557530.1,1,0.089317783,tggtccagccgaggccaagtcccgggcgctagcccacctcccacccgcctcttggctcctctcctctaggccgtcgctttcgggttctctcatcgcttcgtcgttcgccaATGTTTGAGGAGAAGGCC,0,,0.426150027,
ENST00000469005.1,1,0.09179375,gtgctctgaggaggccaggagatttctggcggcgccggcgccattttgctggagcctgcgaccgagtgggagtggagtggagcggctgtggttgccgactctttcctcttccccacggtccagtcagcgggttaattaggccatcggccctcgagccgagacttgtctcttatttagttctggggagcgcctcgtcgacATGAGTGATGTGGAGGAA,0,,0.437963278,
ENST00000040663.6,1,0.094074985,gacttccggtgctggaggagggggccggcggcgagggactccaggaggacgcgtccaacttcgagaccggcgggggccggctccgctcttccaacccctccatgtgtgaagagggcggacgacgcagcgggggaagaaaaataagctagtctaggacaagtgtccaggcgacgtggaacccaggtgtcttttATGAATAATCAAAAGCAG,0,,0.448847432,
ENST00000442819.2,1,0.094903407,aagatggctgggctgcaagaggcagggggatgggcccgtcagggaggaattcttgtgaaagccgtcgtctgcctcagcacttgatgaaaacacaccgaaaaagagggagctatgaagacATGATTGGTGAGGAGGTG,0,,0.45279997,
ENST00000393432.4,1,0.094932603,cgagtgcgcacaggactgaacgagcacgcccggtccctgctccggagcggaggacacgacgcggacccgcacggtgcaccgcagtgacctgaggaaggagcgacgggcgctcgcgccaaaggcgtccgagtgcctggtaaactgtaaagcgcggtcctgcagctgacatcgcgctgatcggattggccgtcATGGGCCAGAACTTAATT,0,,0.452939271,
ENST00000469678.1,1,0.097907457,gttcgtgtctcagacttgagtctgagaaggtcgcttgagatttaattacattggttttgcagataggaatagaatgtagctgacgtttgagcacgtagttagtgaaaacttcacacttcaaagtATGCGAAAAGGAAGAAAA,0,,0.467132793,
ENST00000588702.1,1,0.098726922,accctctcttgggacctgtcataagtcggaccccgggcgcccggctgcgcagtcccagccgccttccccaggcagtggaaccttcgggctcctgagcttcaggATGGTTCGTACTAAGACA,0,,0.4710426,
ENST00000510411.1,1,0.098929571,ataaggccctctcctccaccctgccaggctcactctgccccacagccacagcccctgactgccgcagcccccacagagcccgccgcgcaccccacgtcccccacgccagcgcccagccATGGAGGCCATCAAGAAG,0,,0.472009473,
ENST00000370799.1,1,0.103661354,agctaaatgacgggcggagcccggcggcggcttccggtcgggggaaaaaagttgggccgaaggaggggccgggaagacgcaagaggaagaagagaaaacggccgggcggcggtggctgtaggttgtgcggctgcagcggctcttccctgggcggacgATGGACAGCCAGGGCAGG,0,,0.494585594,
ENST00000453768.2,1,0.104399386,gccggctgagctgagtctcgctgctcggtgcgaggcggcggagagcgaggcctggtgagcaccgccgaggcgcgggccagctcttcgaggttgtgcgcgggagtggcacggcgggcgggcgagcgaggggctaacttcagcggtggcaccgggatcggttgccttgagcctgaaatcATGACCACCCCAGGAAAA,0,,0.49810687,
ENST00000541529.1,1,0.104410879,cctggtgagaccctacccacccccctgcccgcgccgggcctcgtccgctccccggccccttccccgcgggcgtgtgggtcccgggctggggtctcggcgtccgcgatcccgagcccgctcgcttcggcccccctcaggaggctgcgaggagggtgggtttctccccagtgtagagggtggcggcggcATGGAGGCGCGCTTCACG,0,,0.498161705,
ENST00000585427.1,1,0.105962602,gtgagaccctacccacccccctgcccgcgccgggcctcgtccgctccccggccccttccccgcgggcgtgtgggtcccgggctggggtctcggcgtccgcgatcccgagcccgctcgcttcggcccccctcaggaggctgcgaggaggggtggcggcggcATGGAGGCGCGCTTCACG,1,,0.505565232,
ENST00000422781.1,1,0.106247545,atgtgctgcccggaatgtgggccactgacccgctcctatcgcccattcgccccaggtggtgcaaaggatcaaggctgtggaggggcagactcggctgctggtggtggaccaggagacagatgaggagctccgccggcggcagctgacctgtaccgaggagATGGCCCAGCGAGGGCTC,1,,0.506924744,
ENST00000588178.1,1,0.107830364,tccccttggccctcccttaccgcacggtctctggccagccgtggcctcccgtcctgtgtcccgcgcgcccccgcggaccccggtgtgtctgactccaccttcccttctcgccacatgacccgccccagcctcaggcctcctcATGCTTCTCTCCGTACCT,1,,0.514476635,
ENST00000537042.1,1,0.109085397,cggaagtggctctcagggcgcttccggggaccaggcccgcttttggctgcatcagccggggattgccggcgccaggcatctgcatctgggaccgacctcctgggctggctgatcaaagaggaagcagcagcaATGTCTGCTGTGGGGGCT,1,,0.520464612,
ENST00000594662.1,1,0.11168174,ctccctccctcccagctcctgcaccaggaaacggcccggatcccggcagcggcctgacccggctccacgctggccaggaggatgaaaggccccagctgggggctccttgccaccagtgctgtgtcttaagagctgccatcccggctggccgcccggATGGCGACCCCAGCCTCG,1,,0.532852194,
ENST00000359675.2,1,0.11171271,agtcgctcggaactgccgacccgagtgcttcccgcagagggctggtggtgggagcggagtgggtcgggcggggccgagccgggccgtgggccgtgtgggggccgggcggcggccgggccggcggacggcgggATGGGCTGCACCGTGAGC,1,,0.532999959,
ENST00000549732.2,1,0.11204066,cccgccgcaccacgctcccgagctcccccgcggcctggagtggtgcgccccggccccgccccctgacgccggtgagggggcgtggccccgtcacgtgacggggagtgacctcgccgccgggcgccATGGGAGCTTCGGACCCG,1,,0.53456466,
ENST00000014930.4,1,0.11488522,agtcctcagcggggcgcgtggcgagcggactcgactcggcaccgctgtgcaccatggcccgggccctgtgccgcctcccgcggcgcggcctctggctgctcctgggcaggatagcctgaggcacgcttgcttcactcccaggcagaatggccactgagaaatccggcccatcacctcttcATGACCACTGCCTGCCAG,1,,0.548136533,
ENST00000551374.1,1,0.116958381,ccgagcgccgctccggctgcaccgcgctcgctccgagtttcaggctcgtgctaagctagcgccgtcgtcgtctcccttcagtcgccatcatgattatctaccgggacctcatcagccgcgcacggtgATGGGCGGCTCTGTGTAT,1,,0.558027927,
ENST00000452087.1,1,0.119335438,catggcggcggcggcggcggcggcagctgcttgggcgcggtgcggtggtgactgagctacgagcctggcggcgggtgtgcgccgagccccggcccggcccggccctcgcgtgcctcccaggctccgcacccctgatgctgcgcgggtgctgagcccgcttcggccgggacgATGGTGAAGTATTTCCTG,1,,0.569369261,
ENST00000570382.1,1,0.122860662,ggaggctgacggcctccgggcggcagggggcggcctctcccacggcggcggctctcggtcccccgctccgcgtctttcgggcatacagtgacctcgggcggcgggtcacgtcggccgggcATGGCTGCATGGAGCCCG,1,,0.586188694,
ENST00000590862.1,1,0.123170049,agtccgtcccgggaccgcagactcttagggcccctctctttggccatctgcctctaggtcccatcctggggcctgaagcgcttgttctctgcgctgggaaaaggggaacgatggagcgatccagcacccaaacttaccctgtccaggtctgagagtcactggagctaccagaagcatcATGGGGCCCTGGGGAGAG,1,,0.587664829,
ENST00000356245.3,1,0.125505122,gctcgggcgccatgttaggacgaaggggaaggaggagaagcgcttaaagcggcgggagcggtgcgggagaggggttggacccagggctgaggcaggcccccccctccctcccgcctcagtggatcatgcccagggcggcagcggcggcggttgcgggggggaagtgactgggcggtgccggcgccggagacgATGCCGTTTCCAGTTACA,1,,0.598805853,
ENST00000394123.3,1,0.127111239,tttgggcgccagagcagaggaagaaggcagaacgtttgcgtttcagtccttatctttgcaagtgcaaggcagacagccatttggttgtgaggtgtctggaaagttttggaaaatatgtcccATGGAGCACATTCTGGTT,1,,0.606468907,
ENST00000450997.2,1,0.12719222,gggagctatgggagggggcgggaattcccgactctaggccggaagcgcgcggagaccatgtagtgagaccctcgcgaggtctgagagtcactggagctaccagaagcatcATGGGGCCCTGGGGAGAG,1,,0.606855279,
ENST00000303575.4,1,0.127774557,ctgaaatacgttgtaattgaatgaaggcttatagatctgtatgttagcagtgtctaattttggtgctctttctcgttccaggtatttcatttctcctgtcccctcccctccccaccccatctattaatattattcttttgaagattcttcgttgtcaagccgccaaaGTGGAGAGTGCGATTGCA,1,,0.609633706,
ENST00000548201.1,1,0.128492724,aagcctggaagaactcgtcatgctctttgtagcgtggtgcttctgttgctcacaggatgtttgccacacgagtcactcgagagaatctctgagtcctggcgagggctttctgaggcttcgtgtgttagcagctgttgtcttccaactcagcggcaggacaacttgcctttgatgattttcaagagagttgtgctATGATGTGGCAAAAGTAT,1,,0.613060202,
ENST00000198939.6,1,0.129644327,gcgtggtgcttctgttgctcacagaggtgcctgcttccccttctgccatgattggaagtttcctgaggcctccccagccatgtggaactgacaacttgcctttgatgattttcaagagagttgtgctATGATGTGGCAAAAGTAT,1,,0.618554691,
ENST00000437806.1,1,0.132916855,aggaccgcgggcatttacccgtgctttcccaagcctggaagaactcgtcatgctctttgtagcgtggtgcttctgttgctcacaggacaacttgcctttgatgattttcaagagagttgtgctATGATGTGGCAAAAGTAT,1,,0.634168469,
ENST00000573216.1,1,0.135655711,ggagcccgagccggatcccgaggcgacgggagccgaacaggagccgccgctgaagccaccgccgggtgcccagcgccgccgccgcccccgagctcccccgcgcccctgcccgcgggcggccggtgggcagcgggcgccATGGCCGCGCCGGAGCCG,1,,0.647236007,
ENST00000449723.3,1,0.13621574,atgcagctcctatgaggcccctgccgccggtcggcgatgtccggctggagctgtcgcctccgccgccgctgctgccggtgccggttgtgagcgggtctccagtcggctcctctgggcgtctcATGGCCTCTAGCAGCTCC,1,,0.649907995,
ENST00000548171.1,1,0.136930819,ttcccgggcgggcgggcgcggagagacgcgggaagcaggggctgggcgggggtcgcggcgccgcagctagcgcagccagcccgagggccgccgccgccgccgcccagcgcgctccggggccgccggccgcagccagcacccgccgcgccgcagctccgggaccggccccggccgccgccgccgcgATGGGCAACGCCGCCGCC,1,,0.653319758,
ENST00000416404.2,1,0.1374337,cgcgtgagcgcccccctgggaatattgaacataatcacctctcattccagactatgttaggtcttaatggtgggaggacgcccgagtgctcggcccgtttcaccccgaggaggaaggacactgggtcATGACGCCATCAGAGGGC,1,,0.655719089,
ENST00000423525.2,1,0.138043859,aagttcctcctgcgcggtctatggcggactatgttaggtcttaatggtgggaggacgcccgagtgctcggcccgtttcaccccgaggaggaaggacactgggtcATGACGCCATCAGAGGGC,1,,0.658630256,
ENST00000462138.1,1,0.139680796,ggtcccgatgccgcgagcggaatctcggcgctcccggaagtggcctgaaggcggcgcgccagtcccgagcagtgctcgctcctgctcggggcgctgcggccccgggcgtcgccATGACCAGTGAGCTGGAC,1,,0.666440357,
ENST00000361904.3,1,0.140477803,ataagctgggtcccgatgccgcgagcggaatctcggcgctcccggaagtggcctgaaggcggcgcgccagtcccgagcagtgctcgctcctgctcggggcgctgcggccccgggcgtcgccATGACCAGTGAGCTGGAC,1,,0.67024301,
ENST00000310513.5,1,0.140972341,tggaggaacctgtagttttcctctccccgggccagaaagtagccaaaacgaaagagcgcccgcccaggcaatactagcccctctggagcacggagctccttccccaaagacATGAAGCTATTGGAGAAC,1,,0.672602533,
ENST00000369110.3,1,0.14225972,gaaattggctgagagaaaaggtcagggtcaggaataacagtttcattatctgagcaactggacatagaggctggcacttgggcacattgtcacaaatctttgtgttgggattaatgccactaacctgtagtgttggggttccatctctgatcattatcagctaaaaatcttcaaaATGTTTGTCATGCTTCAG,1,,0.678744834,
ENST00000517771.1,1,0.143056996,gtcacgccacctaatccattctctcggtcttcgtctgctccggtattgcaactgcctcgattggtcgatcctgggccagcatggcggcgcccatgtaacccggtccgtgccgcaaagcgaacggcggccgcggcgcgggccccgcgggggttagaggtcaccATGCTGAGGGTCGCGTGG,1,,0.682548768,
ENST00000518606.1,1,0.143192853,cgctggagggcctgaccgctcttcccggcatgcattgttcgggacgaggcgagtcgggcgccaagcgcggggccggagcggccttcccggagtcctttgcgcggcacctggcgacaaaATGGCTGCCCGAGGGAGA,1,,0.683196965,
ENST00000370800.4,1,0.143356351,agcattggggctttccagctctcacagaaccttcagcatccccagctgccggtcttggcatcttcgaagtaaggagaggaaatcatcgagttccccatcctaaagctaaatggccggaccATGGAGATTGAGTCTACC,1,,0.683977042,
ENST00000581979.1,1,0.144442166,aggccgcggggccgcggggctgcggggcggggaaagccgagggcgtgggtgggcgctctgggtcagcagagacggctgtccgcccgctgggcgccgctgcggatttggctggctttgctacagctgaccactccagtcaggagagagagactgagaaggctATGGATCGACTAGCCCGT,1,,0.689157644,
ENST00000331204.4,1,0.148841127,cgggtggctaggcgcgtgggaagagccggagcccgacccccgcccacccggtttcctggcagcgcactgccgcgtaggggcggagccgcgcgcctacacagggtgtggcctccagcccgcgcgggaaagggcctgcgccgcatgcgcgcgcacagtcggcggccgcgcgcagcacgctcaaggccgggATGGCGGCGGCGGCGGCG,1,,0.710145822,
ENST00000263273.5,1,0.150525864,atgccgggggcgggcccggaaccgccacgggtgagtcgggtcgtggctgctgccgggtcctgcgcgctccggactgagaagaagtcttcacttcccaggagagccaaagcgtgtctggccctaggtgggaaaagaactggctgtgacctttgccctgacctggaagggcccagccttgggctgaATGGCAGCACCCACGCCC,1,,0.718183984,
ENST00000407032.1,1,0.152246135,gggcgggacttccggtcgtgggccatgccgggggcgggcccggaaccgccacggctagaagaagtcttcacttcccaggagagccaaagcgtgtctggccctaggtgggaaaagaactggctgtgacctttgccctgacctggaagggcccagccttgggctgaATGGCAGCACCCACGCCC,1,,0.726391682,
ENST00000221413.6,1,0.15326126,gatgcagactgggagggcctgacgggaaagggaaaggatgggcccctgtggacgccacagcgcgccttccccatccgcaaaggctttccctccctctcctccagctccagcctgaaccatgtttttcacttgtggcccaaATGAGGCCATGGTGGTCT,1,,0.731235016,
ENST00000330374.6,1,0.15487493,tggggcacttgtttcctgagtccgggctggaaatctcggagttaccgattctgcggccgagtagtggagaaagagtgcctgggagtcaggagtcctgggcgctgccgctgacttcctggcgtccctgatgtggcccaggcctacATGAACCAGAGAAAGCTG,1,,0.738934104,
ENST00000293677.6,1,0.155134915,gtctgccgcagcaacggggtgcggcagggtggggaacgcgggagcggggccagctcccaggaaagctggtctgcgagcggcccctgcccggctcccaggtccctgcgcgaccccgcccttcccgagaccccagccgggctgccgcccgcgtcccggaagctccagcctgaaccATGTTTTTCACTTGTGGC,1,,0.740174536,
ENST00000448716.1,1,0.156113391,agactcgaagagctccgggaaggaggagggagcagcccagccccggctgagggcagtcaggtgtgacgcccacgcgggaggtagcaagagatgagggcgccATGTTTTGGAAGTTTGAC,1,,0.744843008,
ENST00000564788.1,1,0.156791769,aaacccgctctcgcccgcggatgggcgcgcagctgtgacgtcacggcgtcgttggtaaggggctggcggccggggagctgcgtagctcccggccccgcggccATGCCCAAGCGGAGCTGC,1,,0.748079661,
ENST00000536942.1,1,0.157440544,gtcgcgacggcagtgaccgctcgggacagaccctaactagaaacctagaatgaggggaccgctatgccgtgcggggcccgcgggctgtcccactcgagggctggagccggcatcgcgcatcgagtccgcttgatacATGAATCCGTGTGTGCTT,1,,0.751175073,
ENST00000458198.2,1,0.160159265,ggatggaggggcccgagtttctgcgaagccgcgacctcggcgtccggacgcggggaacaccgggctgagggagtctgcagtcggctccgggaagccgcgcggcgacgggggaggccttcactaaaggggaaaaggaagagggggtcggccagtatccccgaaagagggctagggcgcATGAAGACCAGCGCAGAG,1,,0.764146543,
ENST00000413388.2,1,0.16132668,ggggcaccagccccatgccacgttgcacgtatcagctggagcagaatcctggcttccttccggatgggcctggggtccatgcccgcgctcactgccaagatctttctggcccctacggacacgagtttgcgacctctgagtcactgggtgggcgcgtcggaaagaccagggcgcctcagtctggagctcgcagtcgtATGGAGAGGGCAGGACCA,1,,0.769716476,
ENST00000282999.3,1,0.16157678,cgcagagctcgcgcgtcggtgtggttacagccggcagccacggcacctccttccggccgactagtctccaggtcccgcggtctggcccctggtcacccggcgctgtccctcgttccttgaagatctccagtgctaccttttgttgaacatctcgaatacaccaaaccttctagctgctaatactcagatttATGGACAAGAAGTTATCA,1,,0.770909748,
ENST00000285667.3,1,0.162739828,tgcaaaatttttacagggatcagttttttctggcgtagcatgtggttggctttgtgtatagttagttcatttattaccaggcccatggaagtcagacaaaagatttATGGACAAGAAGTTATCA,1,,0.776458842,
ENST00000435634.1,1,0.162986238,caacaatccattggctaacgaggtcgatgacgccagacgcaagacgccgggcctacagcgggagcgtgaggaaagccgtgcgttgcgttccaaggcatctgtgagcccgcggagtatacaccATGAGCAAAGCTCACCCT,1,,0.777634502,
ENST00000454220.2,1,0.16622747,atatgaggttggggagcggctgagtcggccttttccgcccgctcccccctccccccgagcgccgctccggctgcaccgcgctcgctccgagtttcaggctcgtgctaagctagcgccgtcgtcgtctcccttcagtcgccatcatgattatctaccgggacctcatcagccATGGTCAGTAGGACAGAA,1,,0.793098965,
ENST00000529389.1,1,0.169301472,aagtgacagttgagagattgaacagtttagttatgtaaaaatttcagtccttttaccccatggatttttattctggaggaaaagattgagcgtataaaagcagaaaccaataATGGTGCCAAGTTGTTGT,1,,0.807765537,
ENST00000444322.2,1,0.170684621,cccccagtgaaggtgcgcgcgtggcggaggctggttttccgtctggtgaggggttacttccgggtcggacggcgctagctgcagcatcggagtgtggcagtgctgggctggccggcgggctgggctgcggcccgcgcgcggccggcgATGCAGGGGGGCAACTCC,1,,0.814364774,
ENST00000523469.1,1,0.177600009,ggccaccggaattaacccttcagggctgggggccgcgctatgccccgccccctccccagccccagacacggaccccgcaggagatgggtgcccccatccgcacactgtcctttggccaccggacatcATGCCTCCCAAGAAGGAT,1,,0.84735924,
ENST00000504348.1,1,0.183618774,aggcggcgcgtggccggcaggcggcgctgcccggctcggcctcggcctgcacggcggctgcggcggcggtagcggcagcggcggcggcggcggcggcggcggcggcggcggcggcggcggcggcggcagcggcggcggcctgggcccgggcgcagcggcggcggcggcggggcctggagccggatctaagATGGCAGCGGCGGCGGCG,1,,0.876075774,
ENST00000422890.1,1,0.184156931,aggccgcggaggcggaggccgaggccccggcgcagcggggcgcgccccgggcccaggcccggccccagccgccgctgcggagcccgccgggaccccccggagcgcggccacggcgcagccgctgccATGGCCCAGACACTGCAG,1,,0.878643411,
ENST00000556435.1,1,0.184162327,gggcgggcggacagactgcgggacggacggtggacgctgggacgcgtttgtagctccggccccgccgttccgacccccgccgccgtcgccgccatgacggggctagcactgctctactccggggtcttcgtggccttctgggcctgcgcgctggccgtgggttcctgacggagacttcgcccttcATGTGGTCCAACCTGGGC,1,,0.878669157,
ENST00000369026.2,1,0.184546206,ctgctgctgcctcccagggcgctggttcacagcacggtcccagcagggagaggctgagccggttggactagaccacccaaggtctcaggttgcagctccctggtgaggcggaaccaaccctcctggccATGGGAGGGGCCGTGGTG,1,,0.880500705,
ENST00000508921.3,1,0.185326631,gaccgaagaggctggtaagtcctcaagctggcaggtggtcgggggagcggccggagaggagctgccgggagttcgtgccctgcaggacatgacaccagtggcatatcacggccATGGGGTCTCAGCATTCC,1,,0.884224244,
ENST00000527107.2,1,0.186770423,cgcttcccctcggctttcttctcgtcggtgttcccggctgctatagagccgggtgagagagcgagcgcccgtcggcgggtgtcgagggcgggttgcctcgcgctgacccttcccgccctccttctcgtcacacaccaggtccccgcggaagccgcggtgtcggcgccATGGCGGAGCTGACGGCT,1,,0.891112815,
ENST00000230413.5,1,0.187093546,ccgcagcgcgccgcaggaccgggccgctgagcctgcagccgccccgcgccgtgacctgcgaccctagaccccgactccctttggctcagcccgcgcgccccaggcccggcccgggcggcgcgacgggaggATGAGCGGCGGGCGGCGG,1,,0.892654489,
ENST00000585202.1,1,0.188104028,cggtgttcccggctgctatagagccgggtgagagagcgagcgcccgtcggcgggtgtcgagggcgggttgcctcgcgctgacccttcccgccctccttctcgtcacacaccaggtccccgcggaagccgcggtgtcggcgccATGGCGGAGCTGACGGCT,1,,0.897475665,
ENST00000392485.2,1,0.190238252,cggaagtgtccgcacgtcgggcctccgaggcttctctttctcccctggcggtccggctctcgatggtggcgtgacgggggcgggggtggcggcgcgttctcctcggttgggagggaaccagcccgcgaacccaggccgggaggggggttcggcctgggggggaagggactgacATGTCTCTCGAAGACCCC,1,,0.907658406,
ENST00000009180.4,1,0.19335456,cttcccccgtaaggaaatggccggggagctccaggggacccaggcgccgtcgcttcggcggagcctgggctgaccagccaggacagcggggtaaacccgaacaattctgcgcgaggtagggaggccATGGCGTCCGGCAGTAAC,1,,0.922526831,
ENST00000001008.4,1,0.194720649,tcaaagcacctgcagccccaatttgtgatccagcagcagccacagccacaacagcagcagccgccgccccagcagtcacggcctgtgctccaagctgagccccacccccagctcgcctcagtctctccaagcgtggccctccagcccagctcagaggcccatgccATGCCACTAGGCCCGGTT,1,,0.929044667,
ENST00000217971.7,1,0.198068762,gtatcctttgggtgcagtgagacaccaggagagctgctgctttgggggatggacaggggcagcaggaatgcctttgtgttttcgcagtgaacctccttggcctgggcgaagctgtgtggaccaagcaagtcaggagtgtggccATGTTTTCTGAGCAGGCT,1,,0.945019073,
ENST00000261210.5,1,0.199707012,gaggtaccagattcagcccatttggccccgacgcctctgttctcggaatccgggtgctgcggattgaggtcccggttcctaacggcttcctgcttttccgaagccttccccgacataccttcggactagtgcagagcaaactcttccccttctacttccacatctccATGGGCTGTGCCTTCATC,1,,0.95283544,
ENST00000266079.4,1,0.209655196,gcctcttcctctgccccgcttcggccgcctcccgcctctcagggtcggggttgtctgtccccttcgctgtcacatcctccgcacccagcgcttggaaggtgctccatcacggtgacagacaggggatcttctctggatcaagcaatggtggtgaaaaATGTTTCGCAAGGGCAAA,1,,1.00029988,
ENST00000401406.3,1,0.212143934,agtagctgcctgggcgccaaaggccgcggcactcccacgcggaccccgaagtccgcaacccggggatgggcccgcggctgcgaggggatcttctctggatcaagcaatggtggtgaaaaATGTTTCGCAAGGGCAAA,1,,1.012174064,
ENST00000487803.1,1,0.213824379,atgacgccacggacatggtggccgagaccggcggggtgggggacgtgtcgcgcggccgggtggcctcggtcggtaccctgggcgcggagcagctgcctcattagtattcgtacccacgaggcggcgcagcgggccctcggggacagcgagcgtcgcggccATGGCTTATCACTCGGGC,1,,1.02019175,
ENST00000358726.6,1,0.217683434,ggcggcggcggcggcggcagctgcttgggcgcggtgcggtggtgactgagctacgagcctggcggcgggtgtgcgccgagccccggcccggcccggccctcgcgtgcctcccaggctccgcacccctgatgctgcgcgggtgctgagcccgcttcggccgggacgATGGTGAAGTATTTCCTG,1,,1.038603941,
ENST00000474964.1,1,0.22102771,cccgacccgcgacgccccgactccgcgaaggcctccctgggaggctggggaagcgtcgggggatctctcagcgcagctctggggcccagatttctgcgcccgtcgtgcggtggccagagagggacagcgcagcgcggagacgcggagacgcagagactccgcagggggagagcccgcggtaagccaagATGGGTGCATACAAGTAC,1,,1.05456004,
ENST00000418476.2,1,0.222051851,gaggtcttgaggctatcagatcggtatggcattggcgtccgggcccgcaaggcgggcgctagctggctccgggcagctcggccttgggggcttcggggccccgagacgcggggcgtATGAGTGGGGCGTGCGCT,1,,1.059446389,
ENST00000372296.1,1,0.224236103,ctcctaggctcgtggccctaggcgcggcagctgacacgtaagtctcgtcgcccgacgttgtttcggcgctcagaaacaacgtaaagtaaaggggcggggcagcgttttacaaaccgaaccgtgaatctttgcggtttctctttccagccagcgccgagcgATGGGCATCTCTCGGGAC,1,,1.069867821,
ENST00000446090.2,1,0.224421321,cgaactccgccccctcttctccgcgtaggcccagctccctgaagcggctgtttcgagccacgcgcccatcgggtaccgaggcacgcgccgggcgtcacgtgcgtttcgcggcgagcggaaatgacgcgagttgtgtgagccgccagtatggccgggctATGGCGGCGAGCACTGGC,1,,1.070751526,
ENST00000553652.1,1,0.226374066,gtggccgagaccggcggggtgggggacgtgtcgcgcggccgggtggcctcggtcggtaccctgggcgcggagcagctgcctcattagtattcgtacccacgaggcggcgcagcgggccctcggggacagcgagcgtcgcggccATGGCTTATCACTCGGGC,1,,1.080068397,
ENST00000439930.3,1,0.226596872,gtcttctgtttcgtcctcgctttccggctgctgtttctccacggctctcctctttccccctcccttctctcccgggcggcttactttgcggcagcgccgagaaccccaccccctttctttgcggaatcaccATGGCGGCTGGGACCCTG,1,,1.081131441,
ENST00000354724.3,1,0.227007545,acgtgggcgccggcagcgcgactctcggccctgggatttctgcggccgccagctcccgcgaccgcctctcctgcccctcgccggtacctcagcaaggtgcgttgccgccaggtgccactagaagcgccaggctggggccgcctctgagcgccccgcgggggccATGGATGGTGAAACAGCA,1,,1.083090828,
ENST00000473466.1,1,0.227086819,agtatggccgggctatggcggcgagcactggctacgtgcgactgtggggagcggcgcggtgctgggtgctgcggcggccgatgctggccgccgccggggggcggcgcgggcgccggggaaggcccggtcataacggcgctcacgcccATGACGATCCCCGATGTG,1,,1.083469061,
ENST00000337919.5,1,0.227606905,cggaagttcagggagggcgaggccgtgccccacatccaggcagcgcaggccgcgggccgctcccctagccaggaagagccgccgtccgcaccgggaccggagaggaagcggaggtgaggcggaaccaaccctcctggccATGGGAGGGGCCGTGGTG,1,,1.085950479,
ENST00000512338.1,1,0.234951682,ggccactgcacggacccagggaacgggctgacagtccagcagaggcctcagcgaggcggcggcgctgcgcacaaacctgaggacctaggcgggtgaggcggaaccaaccctcctggccATGGGAGGGGCCGTGGTG,1,,1.120993632,
ENST00000347546.3,1,0.237806225,ggagcggaccggcagaggcgggcagaggcggcgagaggcggcgagaggcgggctgaggcggcccagcggcggcaggtgaggcggaaccaaccctcctggccATGGGAGGGGCCGTGGTG,1,,1.13461313,
ENST00000591020.1,1,0.23893172,attctcccggctggtttttctgcagaactgtccccaccatctgacctgccaggaattcagcttgtgaatttgtctctgtctgtctccaggcaccaccaccagggcagggacccacccccgccccgccccaccccagggccctggagcagcggggcctggcacacagtaggcgttctataaATGTGTCACAAGAATGGC,1,,1.139983055,
ENST00000506654.1,1,0.239236875,acgcgcttccctgccactgggttagggaaggcttgccggaaggacgatttcggaggacagcaggtgttagccaggcagcggagcgagcgccaacaggcgcactggggcggagagacgccgtgagcaaggttcctgacggagacttcgcccttcATGTGGTCCAACCTGGGC,1,,1.141439004,
ENST00000272167.5,1,0.239467431,ggggagggaggcgggaagagcgcggcacttccgctggccgctggctcgctggccgctcctggaggcggcggcgggagcgcagggggcgcgcggcccggggactcgcattccccggttccccctccaccccacgcggcctggaccATGGACGCCAGATGGTGG,1,,1.142539025,
ENST00000216605.7,1,0.240633459,gggtgggcagggcgaagactgaagcgagaagggcagcgcgaggtgggcgactaccagagcgaagcgagcggcgtgtaagcggggtgaagacaacgccaggttaaaaattttgcagttatttatcttgtggatattacagaagtgcctgacttcaacaaaATGTATGAGTTATACGAT,1,,1.148102336,
ENST00000427177.1,1,0.241542849,gcgaagcgagcggcgtgtaagcggggtgaagacaacgccagtcctgaccttggaaggaggatacccaccactggaggctggagccactggaaagaggcgttaaaaattttgcagttatttatcttgtggatattacagaagtgcctgacttcaacaaaATGTATGAGTTATACGAT,1,,1.152441187,
ENST00000508103.1,1,0.241824608,gaagagccaatggcaggcgcgggggatgacgccacggacatggtggccgagaccggcggggtgggggacgtgtcgcgcggccgggtggcctcggtcggtaccctgggcgcggagcagctgcctcattagtattcgtacccacgaggcggcgcagcgggccctcggggacagcgagcgtcgcggccATGGCTTATCACTCGGGC,1,,1.153785507,
ENST00000585930.1,1,0.246628514,gccggggactgaaggtgtgggtgtcgagccctctggcagagggttaacctgggtcaaatgcacggattctcacctcgtacagttacgctctcccgcggcacgtccgcgaggacttgaagtcctgagcgctcaagtttgtccgtaggtcgagagaaggccATGGAGGTGCCGCCACCG,1,,1.176705744,
ENST00000506721.1,1,0.247388532,gcgtgggctgacgcctcgctcaatttctcacagggctgcgcaggtttcccccgtctgcgaatggaccactggaggggttcaaaggttcgcgtcccagtacgggaATGAGCCTCTTTGATCTC,1,,1.180331914,
ENST00000500450.2,1,0.251081273,ggggtattgactgaggcggccaagcggctccgggacagggggtacggggggtgggggcgggtggttgcctgcgggaggccgccgcgggtcatgtgaccggaagggctcctcacggacgccgtccctcctcggcgcggcctgagcgcccggcccgaccccggccATGGGGTGCTGCTACAGC,1,,1.197950598,
ENST00000398411.1,1,0.253646053,gtccgggcggttgaaatgaaagaggcaaggtgaagccgggcgcggtggctcatctgtcatcccaacgcttagggaggccgaggcgggaggattgctctaggccaggagttcaagaccagcctgggcaacatagcgagccctgtctctacaaaaaatactaaaaaaaaaaaaaaaattaggccggtcgcggtggctcATGCTTGTAATCCCAGCA,1,,1.21018759,
ENST00000398409.1,1,0.258144841,ggcacttccgcccatccccctccggatccctctgttcgggctcgggtttccgccgagacgacagggactgccaggtcggaagtagtgtgaggctcgtgggcggagccaagcgccgccATGTCCGCCGCCCTGCTG,1,,1.231652061,
ENST00000376925.3,1,0.260006361,ctgcggccgccagctcccgcgaccgcctctcctgcccctcgccggtacctcagcaaggtgccactagaagcgccaggctggggccgcctctgagcgccccgcgggggccATGGATGGTGAAACAGCA,1,,1.240533681,
ENST00000547798.1,1,0.26231781,gcagaatcctggcttccttccggatgggcctggggtccatgcccgcgctcactgccaagatctttctggcccctacggacacgagtttgcgacctctgagtcactgggtgggcgcgtcggaaagaccagggcgcctcagtctggagctcgcagtccccgcggcgccATGGCTCACGTCGGCTCC,1,,1.251561988,
ENST00000517486.1,1,0.279429424,ctgaaggtgtgggtgtcgagccctctggcagagggttaacctgggtcaaatgcacggattctcacctcgtacagttacgctctcccgcggcacgtccgcgaggacttgaagtcctgagcgctcaagtttgtccgtaggtcgagagaaggccATGGAGGTGCCGCCACCG,1,,1.333204352,
ENST00000330579.1,1,0.283127506,gggcgggacaatagcggccgcggcgccccactcggcagaactccgccaccaggcgcgatgccggaactacatgtcccatgacgctctgggaggccgcagctttccaccggaaagagggtaagccaagATGGGTGCATACAAGTAC,1,,1.350848518,
ENST00000579601.1,1,0.284672596,attgtgtctctgtgtgggagagaactggctgaagaggaagaggagcaggacttggatggtgagaaggggccatcatcggaagggcctgaggaggaggacggagaaggcttctccttcaaatacagccccgggaagctgaggggaaaccagtacaagaagATGATGACCAAAGAGGAG,1,,1.358220397,
ENST00000451728.2,1,0.284832224,gctggaaggcgtcgttctcctttcccagctctcctgcctgtccgccatgttttcaggccgggtctggcttggtcttcccccgtaaggaaatggccggggagctccaggggacccaggcgccgtcgcttcggcggagcctgggctgaccagccaggacagcggggtaaacccgaacaattctgcgcgaggtagggaggccATGGCGTCCGGCAGTAAC,1,,1.35898201,
ENST00000482307.1,1,0.289918051,gtgcgggcgagcgcgggtccccgggtctgacaggagcagcctgtgggcaccgcggcggtagttggaggcgggagagggtccgtagccgcgccgccctgccccgccATGGGCCTCCTGTCGGAC,1,,1.38324734,
ENST00000538964.1,1,0.290294959,aaagcgaggccggggactgaaggtgtgggtgtcgagccctctggcagagggttaacctgggtcaaatgcacggattctcacctcgtacagttacgctctcccgcggcacgtccgcgaggacttgaagtcctgagcgctcaagtttgtccgtaggtcgagagaaggccATGGAGGTGCCGCCACCG,1,,1.385045629,
ENST00000395700.4,1,0.292770613,ggcgcgcctcaggacttcgggtcccctcaccccgggcggatgcccaaagactccgccttcccaagagcccctgcggccgggcgcgaaaatggcggcggcggcgacggccgggcgctcctgaagcagcagttATGGAGCTTCCCTCAGGG,1,,1.39685739,
ENST00000398603.1,1,0.294485418,ggcggcggcggcggcggcagcagtagcagcaatatggctgttgatgggtgtttggggtggcgctggcggcgggaggagctcccccgagcccctgcgccggctgcccgttgctagctATGGCAAATGGTGGCGGC,1,,1.405039007,
ENST00000458634.2,1,0.296627976,ttcagaagggtgaagtggctctcccatggtcaaacagcctacctctctgcgtttcttcaataaatctacatttggagttgggatcagagctcttgctgggtcaatttcactgtgcagcggaggaggagaaagagATGGACCTCCCGGACTCG,1,,1.415261511,
ENST00000506373.2,1,0.299381669,caggaacagttgttatcccattgtaaagatgaggcaactgaggcgcatcgacagtaactcttactcaaggccacagtttaatccagtgcctggcatctgtagttattgtctcagaccctgccctgactcggttccctcacagcaggATGGAACCAGGTGAGGAG,1,,1.428399836,
ENST00000262613.5,1,0.300158993,ggccatgccgggggcgggcccggaaccgccacggctagaagaagtcttcacttcccaggagagccaaagcgtgtctggccctaggtgggaaaagaactggctgtgacctttgccctgacctggaagggcccagccttgggctgaATGGCAGCACCCACGCCC,1,,1.43210858,
ENST00000577450.1,1,0.304862402,caccaccgcccctgccgccatcgccacctccgccgctgccgccttggggccctcctccttcaccgcccccttcaccacctctacacgttctaggccttctgtcctggagaagaagctatagtcgttctcccttgtgggcccggggcgcagccATGGCGGACGGCGGCGGC,1,,1.454549328,
ENST00000552635.1,1,0.306512385,agttcagggagggcgaggccgtgccccacatccaggcagcgcaggccgcgggccgctcccctagccaggaagagccgccgtccgcaccgggaccggagaggaagcggaggtctgaagggggacaggtgaggcggaaccaaccctcctggccATGGGAGGGGCCGTGGTG,1,,1.462421672,
ENST00000580055.1,1,0.309651372,gctttccggtagcgtgggctgacgcctcgctcaatttctcacagggctgcgcaggtttcccccgtctgcgaatggaccactggaggggttcaaaggttcgcgtcccagtacgggaATGAGCCTCTTTGATCTC,1,,1.477398302,
ENST00000502976.1,1,0.312100885,agtcagttaggtaacaggccacgggccccgggctcaggccactgcacggacccagggaacgggctgacagtccagcagaggcctcagcgaggcggcggcgctgcgcacaaacctgaggacctaggcgggtgaggcggaaccaaccctcctggccATGGGAGGGGCCGTGGTG,1,,1.489085335,
ENST00000350697.3,2,0.315138167,gggtccatgcccgcgctcactgccaagatctttctggcccctacggacacgagtttgcgacctctgagtcactgggtgggcgcgtcggaaagaccagggcgcctcagtctggagctcgcagtccccgcggcgccATGGCTCACGTCGGCTCC,2,,1.503576716,
ENST00000369762.2,1,0.321900283,gacttaacgcacgcaagcggctccagggtacgtccccgccacgcgcgctcgcaggatcggtgcgtggtgacgtttcgccggcgcgggcgccatcccggaagcgcgagcaaggccgccagatgtgcaggcagcggaggaggagaaagagATGGACCTCCCGGACTCG,2,,1.535839898,
ENST00000423140.2,1,0.324536209,ttcccagctctcctgcctgtccgccatgttttcaggccgggtctggcttggtcttcccccgtaaggaaatggccggggagctccaggggacccaggcgccgtcgcttcggcggagcctgggctgaccagccaggacagcggggtaaacccgaacaattctgcgcgaggtagggaggccATGGCGTCCGGCAGTAAC,2,,1.548416342,
ENST00000487599.1,1,0.324744246,cgcggagccacctggggaaacggaagttcagggagggcgaggccgtgccccacatccaggcagcgcaggccgcgggccgctcccctagccaggaagagccgccgtccgcaccgggaccggagaggaagcggaggtgaggcggaaccaaccctcctggccATGGGAGGGGCCGTGGTG,2,,1.549408921,
ENST00000541152.2,1,0.329070847,acatgcgcgccgtcgcgagcgtctctgggaccggaagtgcgggcgagcgcgggtccccgggtctgacaggagcagcctgtgggcaccgcggcggtagttggaggcgggagagggtccgtagccgcgccgccctgccccgccATGGGCCTCCTGTCGGAC,2,,1.570051856,
ENST00000254941.6,1,0.329746327,attttgagccgctgccgccattggagtgggccccccccctttcccccttcgcctcctgacaggaaaggtttaagggggacagagccctgggaggccgggccgggctcgggggccaccccgggggcccgggccATGGATGTGCGCCGTCTG,2,,1.573274679,
ENST00000445856.1,1,0.336569016,gcggacgtgggcaggagggctggaaaagccggcgctggagcgggaacgggagtagctgcctgggcgccaaaggccgcggcactcccacgcggaccccgaagtccgcaacccggggatgggcccgcggctgcgaggggatcttctctggatcaagcaatggtggtgaaaaATGTTTCGCAAGGGCAAA,2,,1.605826869,
ENST00000412438.1,1,0.342435674,gcggatgtctgtttcctgggatattgtgagggcgggcggagatgtagacccggtagtgttgtgccttgtggtgacaactggcggcagcgcgccgcgggcccgagacttagtctcgggccgccATGGCCAGCGTCCACGAG,2,,1.633817673,
ENST00000301264.3,1,0.342874768,cggacgaggcacgagtgaggggggaggcggtggcggcggccattttgagccgctgccgccattggagtgggccccccccctttcccccttcgcctcctgacaggaaaggtttaagggggacagagccctgggaggccgggccgggctcgggggccaccccgggggcccgggccATGGATGTGCGCCGTCTG,2,,1.635912662,
ENST00000314606.4,1,0.343162374,agagcccctttcctcagctgccgccaaggtgctcggtccttccgaggaagctaaggctgcgttggggtgaggccctcacttcatccggcgactagcaccgcgtccggcagcgccagccctacactcgcccgcgccATGGCCTCTGTCTCCGAG,2,,1.637284878,
ENST00000262428.4,1,0.346972156,agttgtgcctagggagaccagttttctgccgaattgcctaggagctgtggggagatgggcctgaatggacccgtggactcagaggcagcccgtggagccccgtgggaaatccttcatgatgagagatttggggacacttctctctcctgtgtgtagttgatagtttggtggtgaagagATGGCTGACAGTGTCAAA,2,,1.655461983,
ENST00000409207.1,1,0.348116083,aataggcaactccggccttccctgccctgacctggaacctctgggagggctgcagatatcttccccatataccaagagcacaggtggaaaaggccggcaccacatggaatgagggcaagcgctgtgccgggaagttggatgggcagagcctgggagaaatgttttctgaATGGCCTGGGGCTGGCAT,2,,1.660919849,
ENST00000409973.1,1,0.356792111,cggggcggatgcggggacagcggcctggctaactcctgccaggcagtgcccttcccggagcgtgccctcgccgctggtacggctcctacctggtctggaaagagctgggaggcttcacagagaaggctgtggttcccctgggcctctacactgggcagctggccctgaactgggcATGGCCCCCCATCTTCTT,2,,1.702314626,
ENST00000452684.2,1,0.358460222,gagcgctctggagggcgtggccgtgggaaaggaggcgcggaaagccgacgcgcgtccattggtcggctggacgaggggaggagccgctggctcccagccccgccgcgATGAGCCTCGGCCGCCTT,2,,1.710273461,
ENST00000589228.1,1,0.359837885,cgatcccttcctgcctcagggtcccgggctcagcctcccgtccacgctccctgctcagcttcctttgccttgcagtgcgcgtcccgggacgactggcgctgtgcgcgctccATGCACGAGTTTTCCGCC,2,,1.716846521,
ENST00000392711.1,1,0.364942401,gttttccgtttgggttggggagggtctcgaaaatggggatcctagggtacggagctccgtgggcttggcggtcgtgctagcccagcgtgtgggctggggggtggggagccgtgtttccagggtggggaaggaatgtccaggtgtgcggggctgcgagagttctgaggaaggaggatcctggaatatgccgctggATGCGATCCTGGGCGTTC,2,,1.741201018,
ENST00000338368.3,1,0.380875352,agtgtcaggatcgcgggcttgctttccggtagcgtgggctgacgcctcgctcaatttctcacagggctgcgcaggtttcccccgtctgcgaatggaccactggaggggttcaaaggttcgcgtcccagtacgggaATGAGCCTCTTTGATCTC,2,,1.817219779,
ENST00000601675.1,1,0.381484364,gagaaggcgcggggcgggctgtccggcccgcagggcggtcgaggtgggaacggagcagccccgggggcccccttgaggcggcgaggccgcgaagggcgcggggctggaggcccgcggcgccATGGCTCACGTCGGCTCC,2,,1.820125476,
ENST00000599732.1,1,0.384760143,tggacacataagaggctgcgtataggcgcgagagcccctttcctcagctgccgccaaggtgctcggtccttccgaggaagctaaggctgcgttggggtgaggccctcacttcatccggcgactagcaccgcgtccggcagcgccagccctacactcgcccgcgccATGGCCTCTGTCTCCGAG,2,,1.835754766,
ENST00000391842.1,1,0.384862634,ctctgggcttccgtcctccgcccgcgcccgacggagcctgttcgcgtcgactgcccagagtccgcgaatcctccgctccgagcccgtccggactcccccgatcccagctttctctcctttgaaaacactaagaataATGTCACTGCATCAGTTT,2,,1.836243767,
ENST00000593404.1,1,0.395873511,cccgagcggatcgcgggctcgggctgcggggctccggctgcgggcgctgggccgcgaggcgcggagcttgggagcggagcccaggccgtgccgcgcggcgccATGAAGGGCAAGGAGGAG,2,,1.888778496,
ENST00000487416.2,1,0.397682179,agagccggttcggcgcgtcgactgcccagagtccgcggccggggcgcgggagtgtcttgttctgttgcccaggctggagtgtggtgacactaccttgactcactgcagcatctgcctcccgggttccagtgattctcctgcctcagcctctcaggtagctgggattacaggagccaagccgccATGGCCTACCACAGCTTC,2,,1.897407954,
ENST00000531897.1,1,0.399926307,agagccggttcggcgcgtcgactgcccagagtccgcggccggggcgcgggaggctggagtgtggtgacactaccttgactcactgcagcatctgcctcccgggttccagtgattctcctgcctcagcctctcaggtagctgggattacaggagccaagccgccATGGCCTACCACAGCTTC,2,,1.908115061,
ENST00000467099.2,1,0.400886269,ACGAAGCTACCCAAGACATCTCTGCACAGCCCTAGCCTTTTTGGCTTCACCCACTCCGTTCGGGAGTTGGGGACCCGGCCTCTACATTCCTTAGGGGAACTCCAGCTCCAGGTCCTATTTGGAGGCGGCTCCTAGTTTCCTAGTTTTCTGGGGGCACCAGGTGAAAGGGTCTGAGAGTCACTGGAGCTACCAGAAGCATCATGGGGCCCTGGGGAGAG,2,,1.9126952,
ENST00000582314.1,1,0.408425265,TAAGCCCGTCGCTCTGCTCAGTACCAAAATGACAGCGCCAATGTGGCAGCCATCTTTGTACAGACGGGAAGTCTCGGCGCGAGTTCCCGCCCCCTCGTCTAGTTGGAAACCGAGGAGGCGGTCTCCTCCGGCCTGTTAGCCCGCCTCGCCCACCCTCCCCTCAAATCACCTCCACACTCGCGCATGCGTGTCAGTGCAGGATGGATTCGTCGCTACCG,2,,1.948665009,
ENST00000496428.2,1,0.416373786,TCCCCCGCCCGCCCGGGGCCCAACGACGCCCTACTGGGCGAGCACGATTTCCGAGGACAGGGGGTCCGGGCCCAGCGCTTTCGATTCTCGGAGGAGCCGGGTCCGGGGGCCGACGGGGCTGTCCTGGAGGTCCACGTCCCGCAGGTGCGTGCAGCAGCACCCGCCAGGAGGCGCCTGAGGTCCTGCATCTCCAGTATGGAATGTATGTTTGGCCCTGT,2,,1.986588726,
ENST00000366595.3,1,0.418600577,GCTCGCGCAGTCTGGCAGCCCGGAGCCTTCCGCGGTCCCCCGCCCGCCCGGGGCCCAACGACGCCCTACTGGGCGAGCACGATTTCCGAGGACAGGGGGTCCGGGCCCAGCGCTTTCGATTCTCGGAGGAGCCGGGTCCGGGGGCCGACGGGGCTGTCCTGGAGGTCCACGTCCCGCAGGTCCTGCATCTCCAGTATGGAATGTATGTTTGGCCCTGT,2,,1.997213116,
ENST00000593807.1,1,0.420406658,CAGAGCCGTCCCGGCCACTCCCCTGGGATCTGACTTGGCTCTTGCGGTCGCGGGCACCGTGAAGCCCTGGGGTGTGCGTGGCTCCTCCTGCTAGAAGAAGTCTTCACTTCCCAGGAGAGCCAAAGCGTGTCTGGCCCTAGGTGGGAAAAGAACTGGCTGTGACCTTTGCCCTGACCTGGAAGGGCCCAGCCTTGGGCTGAATGGCAGCACCCACGCCC,2,,2.005830228,
ENST00000416113.2,1,0.43002928,CCCCCTGCCCCTCGCCGCCCGCCGCCTGCCTGGGCCGGGCCGAGGATGCGGCGCAGCGCCTCGGCGGCCAGGCTTGCTCCCCTCCGGCACGCCTGCTAACTTCCCCCGCTACGTCCCCGTTCGCCCGCCGGGCCGCCCCGTCTCCCCGCGCCCTCCGGGTCGGGTCCTCCAGGAGCGCCAGGCGCTGCCGCCGCGTGTGCATGGAGCTGGCGGAGATC,2,,2.051741365,
ENST00000510431.1,1,0.430728595,GACTCGGACAGCGGGAGCGTGGGGTGGAGTAGGATGGAGTCTCCCTCCCGAGCTGGGGGTGTGGGCCTAGGAAAGGCTGCTTCGCCGCTGTGTTCGGAGAGCTCTGGATACTGCGGGGCTTTTCCGCGGAGGAGCGCCCGCCGGCATCTGCATCTGGGACCGACCTCCTGGGCTGGCTGATCAAAGAGGAAGCAGCAGCAATGTCTGCTGTGGGGGCT,2,,2.055077911,
ENST00000393893.1,1,0.434586473,CTCTCAAAACCCTGGAGGCGCAGACCGTCCACACGGGACAGGGACGCCCGCTCGGCTCCGCTCCGCGCTGATCCTCAAGGTCTCGCGGTTTCCCCGCCGCCCACCCGGACGCCGACGAAAGCCAGCGAGCTCCTCAGCCTCAGGCATCTGCATCTGGGACCGACCTCCTGGGCTGGCTGATCAAAGAGGAAGCAGCAGCAATGTCTGCTGTGGGGGCT,2,,2.07348449,
ENST00000341356.5,1,0.445257331,GGGGCAGGGGCCTAGGCCCAGAGCTGCAACCCTAGCCCTTCCCAGGCCAGAACCTGATCCCTGGCCTTCCCCTCCTGGTTCTGATCTCCCCCTCCCCTTTCCAGGGCTCCACGCTGGCCAGGAGGATGAAAGGCCCCAGCTGGGGGCTCCTTGCCACCAGTGCTGTGTCTTAAGAGCTGCCATCCCGGCTGGCCGCCCGGATGGCGACCCCAGCCTCG,2,,2.124396932,
ENST00000534769.1,1,0.448220714,AGTGTGAGGGGCTCTTCACGTGGGGAAGGAACAGCAGGCGCGGAGGAGGGGGCAAGCGTGTGTGAGATTCAGTGGTCCATGCGTGCGTTTGTCGTGTGCTGGTGATTGGGTGTGGCAACTCAGAACTGAGTGAGCAACTGTATGATGTGGGCTATCGGGATATAGTGAACATCGACATCAGTGAGGTTGTCATCAAGCAAATGAAGGAATGTAATGCC,2,,2.138535725,
ENST00000429941.2,1,0.448866146,GCGCAGGTGGGGTCCCGGCCGAGGTCGCGGCGCTGACCCTTTGTCTCTCGTCGCCGCAGTCCCGGCACCAGAAGCGCGCCCGCGCCCAGGCGCAGCTCCGCAACCTCGAGGCCTATGCCGCGAACCCGCACTCGTTCGTGTTCACGCGAGGCTGCACGGGTCGCAACATCCGGCAGCTCAGCCTGGACGTGCGGCGGGTCATGGAGCCGCTCACTGCC,2,,2.141615192,
ENST00000598333.1,1,0.450099487,TGATCCCTGAAAAGTTCCAGCATATTTTGCGAGTACTCAACACCAACATCGATGGGCGGCGGAAAATAGCCTTTGCCATCACTGCCATTAAGGGTGTGGGCCGAAGATATGCTCATGTGGTGTTGAGGAAAGCAGACATTGACCTCACCAAGAGGGCGGGAGAACTCACTGAGGATGAGGTGGAACGTGTGATCACCATTATGCAGAATCCACGCCAG,2,,2.147499667,
ENST00000529999.1,1,0.450968479,GGAGTGGGCGTGGAGATGGGGAATGGGAATGTTGAGCAACAATCTCAGCCAGCAGCCCCAGGGTGAGCAGGGTCCCCGGTGGTCTAGTCTAGTCCCAGAACTCGCGTGTTCTGCAGGGGGTATGGCTGACCTGGAGCCTGGACTTACCACCCTCAGGCAATACTAGCCCCTCTGGAGCACGGAGCTCCTTCCCCAAAGACATGAAGCTATTGGAGAAC,2,,2.151645773,
ENST00000299714.3,1,0.454811248,CTCTCACCGCCCCACGCAGGATCCCGGCCTGGTCACCGGGCAGTGTGATGCTTCCCGACTGCCGCGGGGACAGCGAGGCACACACAGGGCTTGGGCCGCGCCGGAGGCCACACGGCCTGGCTGAGTTGCTCCTGGTCTCCCGCCTCTCCCAGGCGACCCGGAGGTAGCATTTCCCAGGAGGCACGGTCCCCCCCAGGGGGATGGGCACAGCCACGCCA,2,,2.169980264,
ENST00000582888.3,1,0.458216251,GCCCCGGCGGCGGCGGAGAGCCGTCCTCGGCCGAGGAGGCTGGGAAACGCGAGCGCAGGCGGCAGAGAGGCCTCAACGCCGTCCCTTTCGCCACCGCCTTTTCCTTGCCTCGCGCCGCTGTGCATTTCTCTCCTTTTCCTTTGTTTTTTTGGCCCCTCGCGGGTGTGGGCATTGTTGGTTAGCAAAAGTGCAGCCTCAAGATGGCTGATGGCAACGAG,2,,2.186226101,
ENST00000354429.2,1,0.463499907,CCAGGCCCTCACAACCTCCTGCCAGGCTCTCGCTACCTACCCATCAACAGCAAGACTCCCAGGCCATCTCAATCCCCCCAAAGAGCCCTGTTCCTCCAGCCCCACGGCTTCTGTTCACCTGCCGTGCTGTCCCCGCCTCTGCCCACCCACTCATCCTGCAGATCTGGAGCAGCATTCCAGGGCCTGCCCATCACCTCTTCATGACCACTGCCTGCCAG,2,,2.211435303,
ENST00000396627.2,1,0.465501796,CATCTGCGTGGAATGGGAAACTAGCAAAGTCTCGCTTTGGCTGCATTCTGAGGGGTTTATGTGATGGCAAACAGCCAAGATGAAGAAGCTGCCTAGCAGTCGCTGCAGCGGCTGCAGCGTTATGTGGGACTTCAGATAGCTTCTGAGTAGTCAAGCAGTGCACAATCCTGGAGGAAGAGAAGGCTCAGCAAGAAGAGCGCATGAGGATGGAGTCCAGA,2,,2.220986651,
ENST00000322297.4,1,0.475639777,CCTGCGCGCTTCTCATCGCCTGGGCTCCTGGGGATCGTGGTCCGTCCGGAGGTGGCGGGAGGGCAGCTCCGGGCTCGACCCAGCGTGGGTCCTGCCTGAGGCCCTTTGCGCCTCCCGCTCCAGGACTCGAAGTGTCGTTTCGGGGCCGCTGTCTACGGGGAGAGGAGGTGGCGGTGCCGCCTGGCCTCGTGGGATACGTGATGGTGACAGAAGAGAAG,2,,2.269356648,
ENST00000397594.1,1,0.477954599,ACCCCTGGCGAGGGTAAAGCCCAGCGGAACGGGGAGCTGGGGGACAGGCGTGGGCAGCCCGCGGGGGCCCACATGGGCTGGGAGTGGCACCGACGGCTTCGGGGAGGTTGCGGGCCGAGACAGACTATGTTAGGTCTTAATGGTGGGAGGACGCCCGAGTGCTCGGCCCGTTTCACCCCGAGGAGGAAGGACACTGGGTCATGACGCCATCAGAGGGC,2,,2.280401049,
ENST00000417302.1,1,0.491109624,TGCCTAGTGTTGTTCTAGAGAGGGTAGCTTTTCTTTTATCACGACCCTCGCATGGGGCGAGGGAAATGGCCGAGCATGGCTGAGGCCGCGCTCTGGCCGAGAGCAGGGCACAGCCCCTGCGTTGGTTCCTCTTAAGCTGTCCTCCATACCCTCCCCACTTATATTAGGAGCTGGAAGCTATCAAAGCTCGAGTCAGGGAGATGGAGGAAGAAGCTGAG,2,,2.343165864,
ENST00000493230.1,1,0.497824398,CCTGGTGCCCTCGCCGGCATGTGCTGCCTACCAGACCAGGTTTTGGAAAATGACGATGGTGAGGTGTCAGCTGTGATGCATGTTTAAAAGGAAATTTTCGAGGTCGCAGATATAAGTGTTTAATTTGCTACGATTACGATCTTTGTGCATCTTGTTATGAAAGTGGTGCAACAACAACAAGGCATACAACTGACCACCCAATGCAGTGCATATTAACA,2,,2.375203172,
ENST00000573657.1,1,0.504364631,ATCTCCTCCTGGCCTTGGTTGGGGAAGTGGGGGAGCTGGCAGAACTCTTTCAGTGGAAAACCGATGGGGAACCTGGCCCCCAAGGCTGGTCCCCCAGGGAACGGGCAGCCCTTCAAGAGGAGCTTAGTGACGTCCTCATCTACCTGGTGGCATTAGCAGCCCGCTGCCGTGTGGATCTGCCGCTAGCAGTGCTCTCCAAAATGGACATCAACCGGCGA,2,,2.406407713,
ENST00000574255.1,1,0.505363766,TCACTGCCAGCCGTCTGCAGGGCTTTTGCTGGGCTGGAGTGAGGGCGCGCAGCTTGGGAGATAGATAGTCGCCTAAGCCTGACAGTTAAGACTGGAATCTGGAGCCGGGCGTGGTGGCTCATGCCTGTATTCCCAGCATTTGGGGATGCTGATGCGGGAGGATCACTTGAGCCCAGGAATTCGAGACCAGCCTGAGCAGCATGGTTCGTAAGAAGAAC,2,,2.411174752,
ENST00000311189.7,1,0.52319659,CGAGGAGGTAGAGGGGGCGGGGGTCGCACTAGGGTGTCCCTAGAGAACGAGGACTCTGAAGGCGGGACATTTGGGCGACCCCCGGGCGGGGCCAGCCATTAAACAGTCCCACTTCTGTGCCAGACACTGAACTGGGCTCTTGACGGGCATCATCTCTTAATCCTCAGAACATCCCAGGGAGGATCCCCATATCCTGGGCCATGAGTGAGTTGAAAGAC,2,,2.496258129,
ENST00000397596.2,1,0.527824041,GGAAAAGGGGAACGATGGAGCGATCCAGCACCCAAACTTACCCTGTCCAGGTGGCCCACGAAGCTACCCAAGACATCTCTGCACAGCCCTAGCCTTTTTGGCTTCACCCACTCCGTTCGGGAGTTGGGGACCCGGCCTCTACATTCCTTAGGGGAACTCCAGCTCCAGGTCTGAGAGTCACTGGAGCTACCAGAAGCATCATGGGGCCCTGGGGAGAG,3,,2.518336466,
ENST00000591981.1,1,0.54060357,GCGCCAGAATATGAATCGCCGGGAAGCTGGGAGAAAGCTCCGGGAAACCCTGAGCAGCCAGGTCGCCTGCTCCGCCCGCTCCCGCTCCCGATCTCTGATTGCTCCTAACTGACGTCACTCCCGGTCTGTCCCCGCCCACTCGGTGCTGCCATTGGCAGTCGGTCGTGGGTCTGAGAGTCACTGGAGCTACCAGAAGCATCATGGGGCCCTGGGGAGAG,3,,2.579309729,
ENST00000564920.1,1,0.549720243,AGAAGAGAGGAATGTTCCTGGTACAGGAGTAGATGAGTCACCCTGGGTAGGGGAAGGTCACAAAGTGGCTGGGGCCAGGGAGCTGCACTCTGCTGACCAAGCTTCCCCATTCCTTGCCCCATCTTCCTTTGCATGATTTTTCCCAACCACTCTGGTCTGTCTTCCTAGGTCTGAGAGTCACTGGAGCTACCAGAAGCATCATGGGGCCCTGGGGAGAG,3,,2.622806894,
ENST00000167218.5,1,0.55057548,CCTTCCCTCCCCCTTTTTTTTGTTTTCCGTTCCCCTTTCCCCTCCCTTCCCTATCCCCGACGACCGGATCCTGAGGAGGCAGCTGCGGTGGCAGCTGCTGAGTTCTCGGTGAAGGTATTTCATTTCTCCTGTCCCCTCCCCTCCCCACCCCATCTATTAATATTATTCTTTTGAAGATTCTTCGTTGTCAAGCCGCCAAAAGAGTGCGATTGCAGAAG,3,,2.626887373,
ENST00000453163.2,1,0.550952092,CAGTTTTAAAGATAGTAGAATGTGGCTTTTTCAAAAGATTCGTTCTGAGCCGTTTAAAATGCTCTTGTGTTCTACGAAGTCTCTTTGCATCCTTGAACACCGGGGAATTTCCAGGTATTTCATTTCTCCTGTCCCCTCCCCTCCCCACCCCATCTATTAATATTATTCTTTTGAAGATTCTTCGTTGTCAAGCCGCCAAAAGAGTGCGATTGCAGAAG,3,,2.628684254,
ENST00000381488.6,1,0.551550828,GGCTCATCATAATGCACTGGAACGAAAACGTAGGGACCACATCAAAGACAGCTTTCACAGTTTGCGGGACTCAGTCCCATCACTCCAAGGAGAGAAGGCATCCCGGGCCCAAATCCTAGACAAAGCCACAGAATATATCCAGTATATGCGAAGGAAAAACCACACACACCAGCAAGATATTGACGACCTCAAGCGGCAGAATGCTCTTCTGGAGCAGC,3,,2.631540919,
ENST00000346341.2,1,0.567957592,TGTCTCACGGGAGGGCCAGGACGAAGGTGACAAAGGCTAGGTGTCCCCCACGGAGACGCGCCAAGGTAGCCCCGCGCGTGTCCGTAGGCGCGCTCTCTGGAAGACGCGGTGGGGGGTGCGCAGGGCTGCACCCTCACACCAATTGCCCCGGCGAAGGCCGAGCCCAGAAAGTGAGTGCGCGTGAGTGTGCGCGCGCCCGCATGCGGGGGCGTGGCAGT,3,,2.709820329,
ENST00000477393.1,1,0.568014573,GGCTTCGTGTGTTAGCAGCTGTTGTCTTCCAACTCAGCGGCAGGTTTGCCTTTCCCCACGGACACTCTGGACCTTGTAGCTCCTCAAGCTTCCCTGTCTATTGAGCAGATAGGAAGCCGTGTCAAATATGTGGCACCTTGAGGAAATGCCTAGTGAATGACAGACAACTTGCCTTTGATGATTTTCAAGAGAGTTGTGCTATGATGTGGCAAAAGTAT,3,,2.710092193,
ENST00000272067.6,1,0.584374745,CCGCTGGCGCGCAGGACCGCGGGCATTTACCCGTGCTTTCCCAAGCCTGGAAGAACTCGTCATGCTCTTTGTAGCGTGGTGCTTCTGTTGCTCACAGAGGTGCCTGCTTCCCCTTCTGCCATGATTGGAAGTTTCCTGAGGCCTCCCCAGCCATGTGGAACTGACAACTTGCCTTTGATGATTTTCAAGAGAGTTGTGCTATGATGTGGCAAAAGTAT,3,,2.788149298,
ENST00000544379.1,1,0.6013863,AAAAACCAGGGCCTTTCACAGACAAGGCTTGTTTTAGAGTTTAATTTTAACTTCTTGTTCGTGTTCTAAAGCTTGGGTTGGTAATAAATCTTGGCTGTATGAGACTAGAGAGAACTGGGCTTTAAAAATATGATTTTAATGTAAAATCTTTTCTAATTGCAGGACAACTTGCCTTTGATGATTTTCAAGAGAGTTGTGCTATGATGTGGCAAAAGTAT,3,,2.869314265,
ENST00000366615.4,1,0.612794462,GGTCTCTGGCCACCGCCCCCATCCCTCCCCCAGCTCCTAACGCCTTCTCTTCTGTGCCCCCATCTCCAGAGGAGGCTGCGGAGGAGGAGGAGGAAGAAGAGGAACGCCCCAAACCAAGCCGCCCCGTGGTGCCTCCTTTGATCCCGCCAAAGATCCCAGAAGGGGAGCGCGTTGACTTCGATGACATCCACCGCAAGCGCATGGAGAAAGACCTGCTG,3,,2.923744506,
ENST00000566336.1,1,0.617070774,CTCCTAACGCCTTCTCTTCTGTGCCCCCATCTCCAGAGGAGGCTGCGGAGGAGGAGGAGGAAGCCCCCGAAGAGCCGGAGCCGGTGGCAGAGCCAGAAGAGGAACGCCCCAAACCAAGCCGCCCCGTGGTGCCTCCTTTGATCCCGCCAAAGATCCCAGAAGGGGAGCGCGTTGACTTCGATGACATCCACCGCAAGCGCATGGAGAAAGACCTGCTG,3,,2.944147502,
ENST00000567923.1,1,0.629613833,CCCTGGCCCTCAGGGATGGAGCCAAGGACCCGAGTCGGCCCCCTTTTGGTACTCCCAGATGCTTGCAAACAACCTATTCGTCCTCGGCCTTGGTGCCATAGCCGAAATACCGTCTCCTCCTGCCTGGGAACAAGAGGAAAGTATGGGGAAGGAGCCAAGCAGGAGACGTTCACCTTTGCCTTAACTTTGGTCTTCATTCAATGTGTGATCAATGCTGT,3,,3.003992531,
ENST00000417167.1,1,0.638887175,TTCTAAATACTTTGCTTATCTTGAAGAGAGAAGCTTCATAAGGAATAAACAAGTTGAATAGAGAAAACACTGATTGATAATAGGCATTTTAGTGGTCTTTTTAATGTTTTCTGCTGTGAAACATTTCAAGATTTATTGATTTTTTTTTTTCACTTTCCCCATCACACTCACACGCACGCTCACACTTTTTATTTGCCATAATGAACCGTCCAGCCCCT,3,,3.048237191,
ENST00000315377.4,1,0.661578258,GGCGAGCTGACAGGAGTTCACGGCTGCGATAGAACATGGAGATGTCATGGGCGCGACAGAGCCTGGCGGGGATACCAGCAGCGTGTGATGAGTTCCACCCGTTCATCGAGGCACTGCTGCCTCACGTCCGCGCTTTCTCCTACACCTGGTTCAACCTGCAGGCGCGGAAGCGCAAGTACTTCAAGAAGCATGAAAAGCGGATGTCGAAGGACGAGGAG,3,,3.156500126,
ENST00000302764.3,1,0.66192962,CGCTCCAGCAATCACTGGCTGGAGAAGGTGGGCGTTCCGGCTCGAGAGGACCCTGCCGCGGCTCCGGAAGAGCCTCGTCCTGGGCGGCGGTGGTGCGGCGGTCGCCGTTATGGCCACTGGGCTGGGCGGCTGACCGCCGGGCTAGGAAAGGGCCCAGGGCCCCGAATCTCGGTGGCCGCTGCTCCAGCGCGGCCTGCGCCATGGCCTCCTCCGCCGCC,3,,3.158176536,
ENST00000378546.4,1,0.662740493,CTGCTTTGATCTCTTGTAAAGACCCTCTCTAGCTTGATTGTGGTGATCTCACGCCATCTGCTGGAGAGCAGAAAAATGACTGGCTTCTGTGTTGTCAGCTTCAGCCCCAGGAAATCAGCCCCCCTCCTACTGCCAACCTGGACCGGTCGAATGATAAGGTGTACGAGAATGTGACGGGCCTGGTGAAAGCTGTCATCGAGATGTCCAGTAAAATCCAG,3,,3.162045344,
ENST00000380381.3,1,0.667523697,GACCTTCTGGGGTTCCTGGTTCTCCGCTGAGCCCGGCTGCTGCAGGGCTTAATGGGACAAGTGGTCGCGACTGGACTCAACCTGGCCCGTGCGTGGGCTGTGCAGACACGGGTGTTGGGGGTGACCCGGCCGAGTCCTGCCCTGCAGCATTCTCCCCTGTGGCCACTGTGCTGACTGGGCCGGTGGTCCCCAGGGAGCGCATGAACCTGAAGGTGCCC,3,,3.184866806,
ENST00000568016.1,1,0.681795253,CGGTTCCAGCGTCGCCTTGCTCTAGACGGGCGGCGGCGCTGCGCGGGGAACCGGCGTGGGGTCACGTGGTACCGGCGCATCACGTGGGCGAGTTAGGTGACGCTGCGGGGCGGGCGGACAGACTGCGGGACGGACGGTGGACGCTGGGACGCGTTTGTAGCTCCGGCCCCGCCGTTCCGACCCCCGCCGCCGTCGCCGCCATGACGGGGCTAGCACTG,3,,3.25295878,
ENST00000272438.4,1,0.699700214,TTTCCGCGAAGACTGCGGGGCGCTCTGTGTTAAGGGGAACCTTGAGGGCCATGGCGAACCCGAAGCTGCTGGGAATGGGGCTAAGCGAGGCGGAGGCGATCGGTGCTGATTCGGCGCGATTTGAGGAGCTGCTGCTGCAGGTGCAGTGACCGGACCCCTGGATCCTTGAGTATTCGGGGATTTTGGCGGGGTGCTCAAAGATGGGACTGCAGTTCCCA,3,,3.338386331,
ENST00000445656.1,1,0.706880218,CGCGGGGCCGGGGAAGCGCCTCTGGCCGGCCTCGGGCCGCCCCGCGACACGGAGCGCTGTTTGGGCTCGCGCTCGAGCTGAAAACGGCCAGGCCGCGGGGCCGCGGGGCTGCGGGGCGGGGAAAGCCGAGGGCGTGGGTGGGCGCTCTGGGTCAGCAGAGACGGCTGTCCGCCCGCTGGGCGCCGCTGCGGATTTGGTAAATGGGAGGTGACGCTGGT,3,,3.372643328,
ENST00000223336.6,1,0.718278517,CCTTTCTCCCTCCTCAGTTGGCCGAGTCGTCCCGCGCGCACCGCCTCCGCGCGCCTATGAGAATGAGGTGGTAACGGGCCCCCGGATGACCCCGCGTCACCACTGTGAGGCCTACAGCTCTGCCGGGGAGGAGGAGGAGGAGGAAGAGGAGGAGAAGGTAGCTACAGCAAGCTGGGTAGCAGGCAGATCCAAAGGATATCATGAAGTTTCCAGGGCCT,3,,3.427026513,
ENST00000415076.2,1,0.72084579,AGAAATTGCAGCTGCATGAATCCCAAAAAGCAAGAGAACAAACTGCGATTGAGCCTCTTTTTAGCGCTCAGTAGAGCAGGCGCACAGGAAGCAGATGAGAATAAGCCCGTGCTGGTGCGGAAGACTGTGCTATTGAAGTGGCGCGTTGCAAAGACTACTCCAAAGGATTCGGCGGGAAGTATGGGGTGCAGAAGGATCGGATGGATAAGAATGCGTCA,3,,3.439275402,
ENST00000601844.1,1,0.739334215,TGCAGAAGCAGAAGGAGCGCCTAGAGCTGGTGCTGGAAGCCCACCGACCCATCTGCAAAATCCCGGAAGGAGCCAAGGAGGGGGACACAGGCAGTACCAGTGGCACCAGCAGCCCACCAGCCCCCTGCCGCCCTGTACCTTGTATCTCCCTTTCCCCAGGGCCTGTGCTTGAACCTGAGGCACTGCACACCCCCACACTCATGACCACACCCTCCCTA,4,,3.527486755,
ENST00000326656.8,1,0.747695588,CCGAGCCGCCAGTTCTGCCTCAGGCCGCGCCCCCTTAAAGCGCCACCAGACGCTGCGCCCCGTTAAAGCGCCACCAGACGCCGCGCCCCGTCCCGGCCTCCCCCGCGCGCTGGCGCGGGGCTTTCTGGGCCAGGGCGGGGCCGGCGAACTGCGGCCCGGAACGGCTGAGGAAGGGCCCGTCCCGCCTTCCCCGGCGCGCCATGGAGCCCCGGGCGGTT,4,,3.567380263,
ENST00000438610.1,1,0.753592523,CACCAAACTCCATGGGGTGATTTTTCTTCTAGAAGAGTCCAGGTGGACAGGGTCCTTCATCCTGGATACTCACGACGCGGACCCAGTTCTCACTCCCATTGGGTGTCGGGTTTCCAGAGAAGCCAATCAGTGTCGTCGCGGTCGCTGTTCTAAAGCCCGCACGCACCCACCGGGACTCAGATTCTCCCCAGACGCCGAGGATGGCCGTCATGGCGCCC,4,,3.595515521,
ENST00000456292.1,1,0.757858784,GGGATTCCCCAACTCCGCAGTTTCTTTTCTCCCTCTCCCAACCTACGTAGGGTCCTTCATCCTGGATACTCACGACGCGGACCCAGTTCTCACTCCCATTGGGTGTCGGGTTTCCAGAGAAGCCAATCAGTGTCGTCGCGGTCGCTGTTCTAAAGCCCGCACGCACCCACCGGGACTCAGATTCTCCCCAGACGCCGAGGATGGCCGTCATGGCGCCC,4,,3.615870564,
ENST00000319942.3,1,0.765096394,TACCTGTTAATGATGGGTTCTGGCCTTTCATTGTGCATGTAGACTATGTGAAAGGGTTTGGAGGAAAATTTGGTGTGCAGACAGACAGACAAGACAAATGTGCCCTTGGCTGGGATCACCAGGAGAAATTGCAGCTGCATGAATCCCAAAAAGACTACTCCAAAGGATTCGGCGGGAAGTATGGGGTGCAGAAGGATCGGATGGATAAGAATGCGTCA,4,,3.650402407,
ENST00000409038.1,1,0.766722695,CTCCCCTCCGGCACGCCTGCTAACTTCCCCCGCTACGTCCCCGTTCGCCCGCCGGGCCGCCCCGTCTCCCCGCGCCCTCCGGGTCGGGTCCTCCAGGAGCGCCAGGCGCTGCCGCCGTGTGCCCTCCGCCGCTCGCCCGCGCGCCCGCGCTCCCCGCCTGCGCCCAGCGCCCCGCGCCCGCGCCCAGTCCTCGGGCGGTCATGCTGCCCCTCTGCCTC,4,,3.658161759,
ENST00000475762.1,1,0.810172583,GGCCACTAGCTAAAGGCGGGGTCGCCGGGCCGGTAGGAACTGGAGACACTCAGCCTCGCGGCAGGAAATGCGGCTCGTGGCTTCCGGCGCGTGCAGATGACGCGCGGCTCGGGCTTCCGCCTTGGGGAGCCGGCGGCGGAGTCCGGGACGTGGAGACCCGGGGTCCCGGCAGCCGGGCGGCCCGCGGGCCCAGGGTGGGGATGCACCGCCGCGGGGTG,4,,3.865468417,
ENST00000486827.1,2,0.830343354,CGCTGTGCAGAGTGGCCTGACAAGTGCCTCGAGGACAGGAGCTGTGCCCCGCTGAGCTCTGCTCCAGTACCTGGTGTGCTGAGGTGGGCACGTGCGTTTCCTCTGGCATAGCAGGTGCTTGTGCTGCTGCACTGCTCCTTCAGGCATCTGCATCTGGGACCGACCTCCTGGGCTGGCTGATCAAAGAGGAAGCAGCAGCAATGTCTGCTGTGGGGGCT,4,,3.961706528,
ENST00000575877.1,2,0.863158487,CGGGGCTTTTCCGCGGAGGAGCGCCCGCCGGTAGGTTGGCCCCGAACCGTGGGGGCGGCGACGGCCGAGTGCCAATTTGACTCTGTGCACCAAGGTCCCCGCGCCCCGGAACGGGCGACGCCGCGCCCCCATCAGAGCCGCGGGCATCTGCATCTGGGACCGACCTCCTGGGCTGGCTGATCAAAGAGGAAGCAGCAGCAATGTCTGCTGTGGGGGCT,4,,4.118272997,
ENST00000515001.1,2,0.876141626,GCTTGGTGTCAAGTGGGCTGTTGCTGCCAGAATTATCTTGTGATTATTTGAGAGATGTATCAGTTTCTTCTGAAGTACAATCAACTGTAGAAGCCTTTGTAGCAGTTTGTTGCATATTCTAAGGACCCAGACATAGGCTTGGTGGCCCGTCTCTTGTCTTTCCTGGTTTATGACTTTCGGCTTTGTGGAATACGGCTGAGATGAAAGGATTTATTGAT,4,,4.180217714,
ENST00000470843.1,2,0.88151547,GAGGGCCTAGGAGAAGTGCTGTATAGAGAGCAGTTCGACTTCAACGCTGAGCCACCTTGGGAACCTAGCTGATGATAGGGGGGTTCCATCTCCCAACTTGTCCATTTTGTTGCATATTCTAAGGACCCAGACATAGGCTTGGTGGCCCGTCTCTTGTCTTTCCTGGTTTATGACTTTCGGCTTTGTGGAATACGGCTGAGATGAAAGGATTTATTGAT,4,,4.205857222,
ENST00000409291.1,1,0.939414969,AACTGAGGAAGCGCCCAAGGAAATGAAACACGATTTCCAAAATGAACTTAATCTTTCATGAGAAACTGAGGATAGAGATGTCAATAAGCAGCCACTGTTTCCACCTCCCCACCTGAAGAGCTAGGAGGACAACTACAAAGAGCCTGACTGCCTTCTCGGAATGAGGAGAGAGGAAAACAGCAACAGTATCAGTTTTCAAGATGGCAGCATCTATGCAT,4,,4.482105379,
ENST00000299736.4,1,0.942266974,CCTCTCTATCCTCCCGATGACTCTGAAATCAAACTCAGCAAGTCATCCGAGCCCCCACGGCGCAGCGGCCCTAGGCTGGCATGGGCGATGCGGAGCTACTCCGCCCTCAGGAAGCAGGCGAGGTGCCCAGCGGGAGAATCACCCACATCACCGTCTAATCTCTGCTGTGAAGTGGAAGCGCGAGAAGGAGGGAGCGTCTCATGACGGAGGGTGTGAAG,4,,4.495712771,
ENST00000560266.1,3,0.959053691,CTGATGACTGGAAAGAAGTGGCACCAGGGGAGAAAAGTGTGCCTGAGACGCGGTCTGGCCCATCACCACATCAGCAGGCTATTGTCACTGCCATGCCTGGTGGCCTGCCTGTACCCACGAGCCCTAACATCCAGCCGTCCCCAGCTCACGAGACAGGGCAGGGCATTGTTCATGCACTGACCGACCTCAGCAGCCCCGGCATGACCTCAGGGAACGGA,5,,4.575804997,
ENST00000534490.1,1,0.977422088,CAAGGCGGCCGGCTGGAGGGACGGGGCCCGACCGGGAGCGGAGCCGGAGCGGAAGCCGCAGCCGGGCGGCGGGAGCGGCGGGAGCGGCGGGAGCGGGGGAAGCAGGGCGGGCCGGGCTCCATGGCGCCAGCGGCGTCCGCCTGAGCAGCGCGGGCAACAGCGGCGGCGTCGGCCGGATCGGGCCGCGACACCTCCTGGCCATGGGGGACGTGCTGTCC,5,,4.663443678,
ENST00000409436.1,1,1.014860736,GCAGCATCTGCCTCCCGGGTTCCAGTGATTCTCCTGCCTCAGCCTCTCAGGTAGCTGGGATTACAGGTCCCTGTGATGCTGGGAAACTGAGTCACGGAGGCGGGGAGAGATGTGTTTGAGGAATTGGGCTGAGACCGTGATCTCACCCCCGTCAGGCCTGGTGGGCTCCTTTGACACTCAGCGGCAGGAGCCAAGCCGCCATGGCCTACCACAGCTTC,5,,4.842069705,
ENST00000291705.6,2,1.033666274,GTCCGGCCGGCGGGACTTATTTGTCAGGCGGGGATTGGGTTCCGCCAGCCTAAAGGGAGGGGTCGCCTGCTCCGCCCGCTCCCGCTCCCGATCTCTGATTGCTCCTAACTGACGTCACTCCCGGTCTGTCCCCGCCCACTCGGTGCTGCCATTGGCAGTCGGTCGTGGGTCTGAGAGTCACTGGAGCTACCAGAAGCATCATGGGGCCCTGGGGAGAG,5,,4.931794062,
ENST00000560409.1,1,1.053577865,CGGTGGCCGTGCGAGCGCAGGACTGGGCGGCCTGTGTGGGGGTGTGAGCCGCGGTGCCCAAGGCTGCGCCGGCGAGGGGAAGCCGCGCGGCCGGCCGGCCGACTAGGGTTTGAAGACTGCTTCATTCTGCCTCTAGTACCAGCGGTTTCTCTGTTCTGTGATCAATGTGATTCACAGGAACTCCTTAAGTAACAAACGAAATGAGCCAGGGGCGTGGA,5,,5.026795581,
ENST00000504202.1,1,1.11671224,TTTAAATGAGAATAAAGGGTGGTATTTACGAGGAAATGAGAGTGAATAAGTCATCTCTAACCTCTCCCAGCCTTTTTTTCATAAGAGAGACCATATTAAACTTACATGTTTGAAGACTGCTTCATTCTGCCTCTAGTACCAGCGGTTTCTCTGTTCTGTGATCAATGTGATTCACAGGAACTCCTTAAGTAACAAACGAAATGAGCCAGGGGCGTGGA,5,,5.328020206,
ENST00000513012.1,1,1.122917236,TGGGGGAGGAGGAGGAGGAGTTGGAAGGGGAGGAGGAAGAGGGGGAGCAGGAAGAGGGGCAGAAGGAAGAAGAAGAGGGGGAGGAGAAAGAGATAGAAGAGTAAGAGGAGGGGGAAGAAAGACAAGGGGAAGGGGAGGAGGAGGAGGACGGGGAGGAGCTTCGCCGCGGCCTGCTCCGCCCAGCCGGGGTCGGTGGCCGCATGGCTTCGGTCTCCTCT,5,,5.357625279,
ENST00000392350.3,2,1.440228035,CGGCAGCCGAGACCGACCCGCCCGCCCGCGGCCCCGCAGCAGCTCCAAGAAGGAACCAAGAGACCGAGGCCTTCCCGCTGCCCGGACCCGACACCGCCACCCTCGCTCCCCGCCGGCAGCCGGCAGCCAGCGGCAGTGGATCGACCCCGTTCTGCGGCCGTTGAGTCGCGGCCTGTGGCCCTGCGGGCAGCCGTGCCGAGATGAACCCCAGTGCCCCC,7,,6.871567982,
ENST00000415798.1,1,1.541413393,GGGAACTGCTTCGCTCTTGCCTACTTCCCCTACTTCATCACCTACAAGTGCAGCGGCCTGTGAGTGCGGGAAGGGCGCGGGGCGGAGAGGGCGCGGGGCCCGGGCCGACCCTCACCTCCCGCTTCTCCAGGTCCGAGTACAACGCCTTCTGGAAATGCGTCCAGGCTGGAGTCACCTACCTCTTTGTCCAACTCTGCAAGATGCTGTTCTTGGCCACT,7,,7.35434019,
ENST00000535067.1,1,1.726211897,TGGCGGGAAGCCGGCACTGGAGCGGGAGCGCACTGGGCGCGGGACCGGGAGGCGCAGGGACCGGACGGCTCCCGAGTCGCCCACCTGACGCTAGAAGAAGTCTTCACTTCCCAGGAGAGCCAAAGCGTGTCTGGCCCTAGGTGGGAAAAGAACTGGCTGTGACCTTTGCCCTGACCTGGAAGGGCCCAGCCTTGGGCTGAATGGCAGCACCCACGCCC,8,,8.236044652,
